	shannon
10249.C001.02SS	3.4103482781253556
10249.C001.03SS	2.3039151942488956
10249.C001.05SS	2.316908665912672
10249.C001.06SS	2.374731074523026
10249.C001.07SS	3.3184751054951245
10249.C001.08SS	2.956846205993161
10249.C001.09SS	2.791238868611376
10249.C001.10SS	2.5655251640920085
10249.C001.11SS	3.517983355956724
10249.C001.12SS	3.580489057188803
10249.C001.13SS	3.852377291170015
10249.C001.14SS	2.2094062807403945
10249.C001.15SS	1.7841369654699533
10249.C001.16SS	3.1577581110601036
10249.C001.17SS	3.5806066225226263
10249.C001.18SS	4.478360761831671
10249.C001.19SS	2.8497112302561587
10249.C001.20SS	2.3958960585308433
10249.C001.25SS	2.803456016114595
10249.C001.26SS	2.641766187549583
10249.C001.27SS	3.3811638445692678
10249.C002.01SS.r	3.5949431431262693
10249.C002.02SS	2.8945757046398684
10249.C002.03SS	1.2297254064297387
10249.C002.04SS	2.6790242954797456
10249.C002.05SS	1.5880349733124361
10249.C002.06SS	2.173256387482009
10249.C002.07SS	2.2203183728280975
10249.C002.08SS	1.8253295520153943
10249.C002.09SS	2.5073615463281445
10249.C002.10SS	2.283215415250932
10249.C002.11SS	3.5786410416812604
10249.C002.12SS	2.905521537551571
10249.C002.13SS	3.4034121386234752
10249.C004.01SS	4.01449302616668
10249.C004.02SS	2.0494143844534825
10249.C004.03SS	1.815828092736863
10249.C004.04SS	1.880883065760549
10249.C004.05SS	0.9796216361553496
10249.C004.06SS	1.1355358064199763
10249.C004.07SS	2.5699282095784017
10249.C004.08SS	2.4865244590026427
10249.C004.09SS	3.016607140273406
10249.C004.10SS	2.684967423531514
10249.C004.11SS	2.937803544821248
10249.C004.12SS	3.054495579162317
10249.C004.13SS	2.347862076038005
10249.C004.14SS	3.141234332143087
10249.C004.15SS	4.067905609405813
10249.C005.01SS.r	2.9694642047806776
10249.C005.02SS	2.591617928342442
10249.C005.03SS	3.5245543711655065
10249.C005.04SS	3.697244301326163
10249.C005.05SS	3.6710108795272673
10249.C005.07SS	3.206457057779869
10249.C005.08SS	3.926780005189191
10249.C005.09SS	3.4802595954338913
10249.C005.10SS	3.7079910579587323
10249.C005.11SS	3.573045896778634
10249.C005.12SS	3.5832859130786456
10249.C005.13SS	3.6125374368964605
10249.C005.14SS	3.6169949162776636
10249.C007.02SS	2.6873452408352656
10249.C007.03SS	3.0806839240332136
10249.C007.04SS	2.6964164737847254
10249.C007.05SS	3.0067798294999704
10249.C007.06SS	1.5782130919932158
10249.C007.07SS	2.0974342204768734
10249.C007.08SS	2.9628576593000386
10249.C007.09SS	2.2470976319944724
10249.C007.10SS	2.755966280908911
10249.C007.11SS	1.2651202472045
10249.C007.12SS	2.707177219455078
10249.C007.13SS	2.584737899288999
10249.C007.15SS	3.3411744651951705
10249.C007.16SS	2.658652391353982
10249.C008.01SS	3.591234400181627
10249.C008.02SS	1.845556031037765
10249.C008.04SS	3.242675472297779
10249.C008.05SS	2.9874193948694825
10249.C008.06SS	2.463253752244341
10249.C008.07SS	2.1172112322598724
10249.C008.08SS	2.289948777060653
10249.C008.09SS	2.8114559344708505
10249.C008.10SS	3.2553444943083036
10249.C008.11SS	4.211517922443453
10249.C009.02SS	2.312579498627914
10249.C009.03SS	0.8901882685655494
10249.C009.04SS	1.9937548549461581
10249.C009.05SS	2.123187198879813
10249.C009.06SS	3.599277920110922
10249.C009.07SS	1.780267434661391
10249.C009.08SS	1.5217285466324728
10249.C009.09SS	3.5892566690937917
10249.C009.10SS	3.3593885434506343
10249.C009.11SS	1.756614470589231
10249.C009.12SS	3.579052432619912
10249.C009.13SS	4.234263863973086
10249.C010.01SS.r	2.310279898631432
10249.C010.02SS	2.0396689309707083
10249.C010.03SS	1.9136444717592884
10249.C010.04SS	2.487703477398328
10249.C010.05SS	2.4486571573115725
10249.C010.06SS	3.2266382968488996
10249.C010.07SS	1.7464829704698304
10249.C010.08SS	2.3738853673145557
10249.C010.09SS	2.8709560877510496
10249.C010.10SS	2.640051640547965
10249.C010.11SS	3.272264683031018
10249.C010.12SS	3.4410661153796007
10249.C011.02SS	1.5636658157388559
10249.C011.03SS	2.0173466799261774
10249.C011.04SS	3.303544027102633
10249.C011.05SS	3.0130383779399956
10249.C011.06SS	3.6326802351415646
10249.C011.07SS	3.6233823901116096
10249.C011.08SS	4.521810849393961
10249.C011.09SS	2.62899259157688
10249.C011.10SS	4.2093062651490305
10249.C012.01SS.r	3.308668704924623
10249.C012.02SS	2.4299174173658313
10249.C012.04SS	2.2240213791535335
10249.C012.05SS	2.802921552443743
10249.C012.06SS	1.5258722097488424
10249.C012.07SS	2.840160179532176
10249.C012.08SS	1.9972595243154587
10249.C012.09SS	3.9232564631427187
10249.C012.10SS	2.1323335449973757
10249.C012.11SS	3.0174164094710663
10249.C012.12SS	2.247655920340385
10249.C012.13SS	2.193231349143661
10249.C014.01SS.r	2.0249546952484505
10249.C014.02SS	2.032363814199928
10249.C014.03SS	2.6529113230428196
10249.C014.04SS	3.4638344055778063
10249.C014.05SS	2.1811053760357657
10249.C014.06SS	3.4747344779876257
10249.C014.07SS	3.221034960758435
10249.C014.08SS	4.276052629915801
10249.C014.09SS	3.1976561449304466
10249.C014.10SS	4.7220457562461124
10249.C016.03SS	3.2617062466003053
10249.C016.04SS	2.615028808316408
10249.C016.05SS	2.818382598554296
10249.C016.06SS	2.5592127888341234
10249.C016.08SS	2.8145342997691496
10249.C016.09SS	2.545505545628063
10249.C016.10SS	1.0353038585399865
10249.C016.11SS	1.6670020847821139
10249.C016.12SS	3.570837049011317
10249.C017.01SS.r	4.836732400838817
10249.C017.02SS	3.261270165097938
10249.C017.03SS	2.050895049762993
10249.C017.04SS	1.5688837871682482
10249.C017.05SS	1.5216934875014503
10249.C017.06SS	3.4114942653886744
10249.C017.07SS	2.111189936386149
10249.C017.08SS	2.2072931493727608
10249.C017.09SS	2.598097621477003
10249.C017.11SS	2.5817252754989033
10249.C017.12SS	2.85118821311992
10249.C018.01SS.r	3.25507307896275
10249.C018.02SS	3.102001181804716
10249.C018.03SS	3.376974040340891
10249.C018.04SS	3.537722140946295
10249.C018.05SS	1.8766324034370958
10249.C018.06SS	3.2766163471413225
10249.C018.07SS	3.6179023600363895
10249.C018.08SS	3.6891079810351726
10249.C020.01SS.r	4.927238344177717
10249.C020.03SS	1.464149474708417
10249.C020.04SS	1.284979285745806
10249.C020.05SS	1.3322610490748075
10249.C020.07SS	1.6199397944904441
10249.C020.08SS	1.515130334000231
10249.C020.09SS	2.792359160909916
10249.C020.10SS	2.7124662271937603
10249.C020.11SS	2.229021433935152
10249.C020.12SS	2.3368902182997098
10249.C020.13SS	2.4319324321118665
10249.C020.14SS	3.557451093629784
10249.C020.15SS	3.779483413749515
10249.C021.02SS	3.707332912845092
10249.C021.03SS	3.085281408844444
10249.C021.04SS	3.2466826881374353
10249.C021.05SS	3.8819068823849108
10249.C021.06SS	3.4977481056908473
10249.C021.07SS	3.3212144202754654
10249.C022.01SS.r	3.097324247938622
10249.C022.02SS	1.9545747511411924
10249.C022.03SS	2.961127521923229
10249.C022.04SS	0.9196833269339784
10249.C022.05SS	2.8950631196300707
10249.C022.06SS	2.092949918465439
10249.C022.07SS	2.3936519502885454
10249.C022.08SS	2.9785097773645344
10249.C022.09SS	2.3393675428183904
10249.C022.10SS	3.3445360872605057
10249.C023.01SS.r	3.0635017720436304
10249.C024.01SS.r	2.91205816661961
10249.C024.02SS	3.4458535465025517
10249.C024.03SS	3.8505790468851524
10249.C024.04SS	3.705589105582312
10249.C024.05SS	3.4287375657744366
10249.C024.06SS	3.9033356373242714
10249.C024.07SS	3.08607118433644
10249.C024.08SS	2.738662105707345
10249.C024.09SS	3.1127892093292386
10249.C024.10SS	4.4423970781774935
10249.C025.01SS.r	3.2423648617468244
10249.C025.02SS	2.751920985323027
10249.C025.04SS	2.851809009689994
10249.C025.05SS	2.3223319449592483
10249.C025.06SS	2.4063951791002567
10249.C025.07SS	2.554314065630808
10249.C025.08SS	2.5797852564522312
10249.C025.09SS	3.172774397462794
10249.C025.10SS	2.9603024509238622
10249.C027.01SS.r	0.6344572353405907
10249.C027.02SS	2.0695953238555975
10249.C027.03SS	2.0435246937784233
10249.C027.04SS	2.265630943372924
10249.C027.05SS	2.5855996481247217
10249.C027.06SS	3.564472667005989
10249.C027.07SS	3.195885469783807
10249.C027.08SS	4.080662818929167
10249.C030.01SS.r	0.805547322635584
10249.C030.02SS	1.4123204562351561
10249.C030.03SS	2.069154026191693
10249.C030.04SS	1.4265007526352635
10249.C030.05SS	2.6170166575769813
10249.C030.06SS	2.118093848870113
10249.C030.07SS	2.2954099357568047
10249.C030.08SS	1.244715952671448
10249.C031.01SS.r	3.686293701160748
10249.C031.02SS	1.9198395930739007
10249.C031.03SS	1.3621938814721253
10249.C031.04SS	2.5224812766416354
10249.C031.05SS	2.8365132788317213
10249.C031.06SS	2.686870627671903
10249.C031.07SS	2.794550909705003
10249.C031.08SS	3.2286868177218855
10249.C032.02SS	2.51787298268775
10249.C032.03SS	3.1587877962282604
10249.C032.04SS	2.847259058005392
10249.C032.06SS	3.37214497804302
10249.C032.07SS	2.565264430136424
10249.C033.01SS.r	3.709894925119784
10249.C033.02SS	2.253538808190821
10249.C033.03SS	2.197676569193289
10249.C033.04SS	2.6694610734915125
10249.C033.05SS	1.7767306748649436
10249.C034.02SS	3.3531304792524286
10249.C034.03SS	3.3010570692553127
10249.C034.04SS	2.0414249379911737
10249.C034.05SS	2.0445875322433844
10249.C034.06SS	2.7268154998427514
10249.C035.01SS.r	2.438512221768602
10249.C035.02SS	1.292900789046714
10249.C035.03SS	2.466861013471257
10249.C036.01SS.r	3.9634646207094195
10249.C036.02SS	2.6922025855165903
10249.C036.03SS	2.656855500431902
10249.C037.01SS.r	4.463091602869543
10249.C037.02SS	3.1721984749315144
10249.C038.01SS.r	0.16442873667832428
10249.C038.02SS	2.430835320671435
10249.C041.01SS.r	3.761119821263889
10249.C041.02SS	2.3245090947062774
10249.C042.01SS.r	4.606403322991207
10249.C042.02SS	2.0700693180609515
10249.C043.01SS.r	4.794179836760452
10249.C001.04SS	2.4204266590456
10249.C012.03SS	2.249744826431697
10249.C016.07SS	2.384437749955032
10249.C017.10SS	2.397650802007345
10249.C020.02SS	0.9370967043742218
10249.C025.03SS	3.945309138583029
10249.C027.14SS	4.248279669459029
10249.C027.15SS	4.605033777536664
10249.C030.12SS	3.224776469833159
10249.C030.13SS	3.6275118894901106
10249.C031.11SS	2.664195809291718
10249.C031.12SS	2.8685954359839787
10249.C031.13SS	3.748977537646041
10249.C032.12SD	3.767588097864414
10249.C032.13SS	3.451302818194679
10249.C032.14SS	3.301662337749148
10249.C033.11SS	3.7109721449885447
10249.C033.12SS	4.176407748751643
10249.C034.11SS	2.7768036281454993
10249.C034.12SS	2.678662619050828
10249.C035.07SS	2.0967588930953935
10249.C035.08SS	2.0668394778743844
10249.C036.07SS	1.8659733289612714
10249.C036.08SS	2.0895943410301596
10249.C037.07SS	3.4561237776081746
10249.C037.08SS	3.8409638868833405
10249.C038.07SS	4.122114757880571
10249.C038.08SS	3.5465830040538218
10249.C038.09SS	2.907742485472225
10249.C041.06SS	2.9476789692715513
10249.C041.08SS	3.2777695608874127
10249.C041.09SS	3.6649861029119943
10249.C042.06SS	3.6686267109469357
10249.C042.07SS	4.023734303272883
10249.C042.08SS	3.7976187417144422
10249.C043.03SS	2.9588103135130916
10249.C043.05SS	2.965286679145772
10249.C043.06SS	3.163665588204944
10249.C043.07SS	3.2212358539713626
10249.C044.04SS	2.7162742306337067
10249.C044.06SS	1.7824910941008774
10249.C044.07SS	2.3644427434248763
10249.C044.08SS	2.6753339036301513
10249.C045.01SS	4.062756080936884
10249.C046.01SS	3.8027320062997765
10249.C046.02SS	3.0027628930895767
10249.C001.29SS	3.9080412352014076
10249.C001.30SS	2.7786652254312245
10249.C001.31SS	3.5964059470123177
10249.C002.15SS	4.111388701851141
10249.C002.16SS	4.560361163884834
10249.C005.15SS	4.044474143598688
10249.C005.16SS	3.860568690048336
10249.C005.17SS	3.7463573291623207
10249.C007.17SS	3.520566232480185
10249.C007.18SS	4.218709145148451
10249.C007.19SS	4.2103242317161955
10249.C008.12SS	4.224223052691895
10249.C008.13SS	4.132689037365591
10249.C008.14SS	4.424629518010027
10249.C009.14SS	4.080022987519368
10249.C010.14SS	3.7763418982943953
10249.C010.15SS	4.110688509936873
10249.C010.16SS	4.112403255883276
10249.C011.11SS	3.934098773287243
10249.C011.12SS	4.239249700868106
10249.C011.14SS	3.0991053269005713
10249.C012.14SS	3.9774450900851286
10249.C012.15SS	3.565683588521572
10249.C012.16SS	4.157105853593935
10249.C012.17SS	4.124009790977802
10249.C014.12SS	4.582603094592298
10249.C014.13SS	4.491924018307383
10249.C014.15SS	3.295832563250974
10249.C016.13SS	3.8811947574592525
10249.C016.14SS	3.662717437490943
10249.C016.15SS	4.2819717640214625
10249.C016.17SS	4.173547192740605
10249.C018.09SS	4.01828192885872
10249.C018.10SS	4.066518407955002
10249.C018.11SS	4.405154370831221
10249.C018.12SS	4.080857592935703
10249.C018.13SS	4.3600676504103015
10249.C020.16SS	4.26749584070677
10249.C020.17SS	3.7607724076419955
10249.C020.18SS	3.323330588159374
10249.C020.19SS	3.714989947646814
10249.C021.08SS	3.7636162340288815
10249.C021.09SS	4.017514115129889
10249.C021.10SS	4.054644414249023
10249.C022.11SS	3.488193569339034
10249.C022.12SS	3.8633752710095957
10249.C022.13SS	4.097483606844183
10249.C024.12SS	4.667787962879007
10249.C024.13SS	4.594756906950463
10249.C024.14SS	5.172985816164744
10249.C024.15SS	4.855477160297674
10249.C025.11SS	2.5600548833725916
10249.C025.12SS	3.4010454817599585
10249.C025.13SS	2.9003697773225183
10249.C025.14SS	3.125979226084514
10249.C027.09SS	4.25274231785136
10249.C027.10SS	4.3820824041067175
10249.C027.12SS	4.505597047790842
10249.C027.13SS	4.478525114156241
10249.C030.09SS	2.4754667225361113
10249.C030.10SS	3.05346581549106
10249.C030.11SS	2.3925690582883568
10249.C031.10SS	3.059763175535623
10249.C032.10SS	2.670978177739677
10249.C032.11SS	2.75119501149141
10249.C033.07SS	2.7788449093970833
10249.C033.08SS	2.7862567131208
10249.C033.09SS	2.8370668077918006
10249.C033.10SS	3.082542252067304
10249.C034.07SS	3.328551569194185
10249.C034.08SS	3.1650736739632594
10249.C034.09SS	3.0714626308488233
10249.C034.10SS	2.859803154492749
10249.C035.04SS	2.611432431218027
10249.C035.06SS	2.7477654289207374
10249.C036.04SS	3.446104365861754
10249.C036.05SS	2.023067555388162
10249.C037.04SS	2.8129097134473837
10249.C037.06SS	2.7264867044599645
10249.C038.04SS	3.4820704048779287
10249.C038.05SS	3.5738104745809487
10249.C038.06SS	3.848853974338944
10249.C041.03SS	2.7575894787819957
10249.C041.05SS	2.6799340606885216
10249.C042.03SS	3.3775387685245155
10249.C042.05SS	3.726490582460625
10249.C043.02SS	2.330041451636751
10249.C043.04SS	2.9664875300043994
10249.C044.02SS	2.6036831681685415
10249.C044.03SS	2.8286724926809805
10249.C044.05SS	2.380702772025517
10249.C001.32SS	4.360026023834165
10249.C001.34SD	4.1876731942837475
10249.C001.34SS	4.144382356781942
10249.C001.36SD	4.529459400702027
10249.C001.36SS	4.487348565512728
10249.C002.18SS	4.964519115524262
10249.C002.19SD	4.887260468028199
10249.C002.19SS	4.623718482978339
10249.C002.21SD	4.584973008989452
10249.C002.21SS	4.60377961965275
10249.C005.18SS	3.9585928069940173
10249.C005.19SD	3.550807654187774
10249.C005.19SS	3.8743768995739036
10249.C005.21SD	4.109963783382785
10249.C005.21SS	4.025076341211703
10249.C007.20SS	4.938816766670052
10249.C007.22SD	4.914936682052281
10249.C007.22SS	4.97924190351862
10249.C007.23SD	4.807485247082591
10249.C007.23SS	4.954064332110097
10249.C007.24SD	4.507888664688525
10249.C007.24SS	5.160982655868825
10249.C008.16SD	4.540441769756157
10249.C008.16SS	4.528936613342781
10249.C009.17SS	4.804850858824278
10249.C009.18SD	4.93424215038505
10249.C009.18SS	4.487943178334106
10249.C009.19SS	5.19613641724121
10249.C009.20SD	3.9324838309968473
10249.C009.20SS	4.234507094414864
10249.C010.18SD	4.359686553135529
10249.C010.18SS	4.153386565609117
10249.C010.19SS	4.648898534496497
10249.C010.20SD	4.6248294168050865
10249.C010.20SS	4.500577493330558
10249.C011.13SD	4.767602583408976
10249.C011.17SD	3.47651248969101
10249.C011.17SS	3.131607924805026
10249.C011.19SD	4.242769976611696
10249.C011.19SS	4.11807124288766
10249.C012.19SD	3.975991260553821
10249.C012.19SS	4.1654324110608485
10249.C012.21SD	2.9582518188187628
10249.C012.21SS	3.0519813390375563
10249.C012.22SD	3.839980421946092
10249.C012.22SS	3.6176543974471493
10249.C014.16SS	4.317716694695269
10249.C014.19SD	5.076914861831595
10249.C014.19SS	5.107726651157555
10249.C014.20SD	4.988728775180002
10249.C014.20SS	4.855936126674998
10249.C016.18SS	4.723554882500363
10249.C016.21SD	4.15665190118306
10249.C016.21SS	4.936885571598998
10249.C016.22SD	5.221057531336474
10249.C016.22SS	5.354381335467743
10249.C018.11SD	4.317335141956714
10249.C018.12SD	3.7370148163273345
10249.C018.14SS	4.975793486120236
10249.C020.20SS	3.4295266511131732
10249.C020.22SD	4.628644749265049
10249.C020.22SS	4.3627461659374
10249.C020.23SD	4.695506756861254
10249.C020.23SS	4.571485619635392
10249.C020.24SD	3.834047715344875
10249.C020.24SS	3.818316959035457
10249.C020.25SD	3.8904506787814674
10249.C020.25SS	3.7885452645332434
10249.C020.26SD	5.008189078259624
10249.C020.26SS	4.758824217838865
10249.C021.12SS	4.143360141429677
10249.C022.15SS	3.0564680664689052
10249.C022.18SD	4.263777834764333
10249.C022.18SS	3.9354358223406463
10249.C024.16SS	5.154667102887922
10249.C024.17SS	4.72650242281844
10249.C024.19SD	4.259166501863007
10249.C024.19SS	4.750200029777335
10249.C024.20SD	4.8912239640476
10249.C024.20SS	4.77914726832893
10249.C025.13SD	3.629598911287022
10249.C025.14SD	4.000540680457899
10249.C025.15SS	3.8693693901277726
10249.C025.16SS	3.657134201327766
10249.C025.18SS	3.506842204410263
10249.C025.19SD	3.978721780381836
10249.C025.19SS	3.3542438205240948
10249.C027.11SD	4.469349057004122
10249.C027.12SD	4.742185282781976
10249.C027.16SS	3.290401847070221
10249.C027.17SD	4.127579092997679
10249.C027.17SS	3.993735115645079
10249.C027.19SD	4.317314195456201
10249.C027.19SS	4.166281602255532
10249.C027.20SD	4.5441469439993725
10249.C027.20SS	4.618356275108523
10249.C030.11SD	2.3201497836115768
10249.C030.14SS	3.5303701262533798
10249.C030.16SS	5.021885998727589
10249.C030.17SD	3.937792252948689
10249.C030.17SS	4.133364586588986
10249.C030.19SD	4.902021207660724
10249.C030.19SS	5.252526188301967
10249.C031.11SD	2.1286823039717606
10249.C031.14SS	3.1168455457985553
10249.C031.16SS	3.3596508171986046
10249.C031.17SD	3.5741270428288003
10249.C031.17SS	3.624541786539114
10249.C031.19SD	4.678881388180844
10249.C031.19SS	4.598194528212495
10249.C032.05SS	2.0864387850205235
10249.C032.11SD	2.5558261618581546
10249.C032.15SS	3.0949122711877184
10249.C032.16SS	3.611927654139569
10249.C032.17SS	4.5834777119139245
10249.C032.19SD	5.294801032780886
10249.C032.19SS	5.185348090299286
10249.C032.20SD	5.012791480420518
10249.C032.20SS	4.94008375230682
10249.C033.06SS	3.200601147318017
10249.C033.09SD	3.043135440101221
10249.C033.10SD	3.18383352983317
10249.C033.11SD	3.7334360014811168
10249.C033.13SS	3.6511707733121623
10249.C033.14SS	3.837457788275742
10249.C033.15SS	4.5261883412908475
10249.C033.17SD	4.372416661760126
10249.C033.17SS	4.243525809356389
10249.C033.18SD	4.92200000028675
10249.C033.18SS	4.669810011059092
10249.C034.13SS	3.2999447314989423
10249.C034.14SS	3.034383074428152
10249.C034.15SD	2.9569957149982087
10249.C034.15SS	3.3165965385735596
10249.C034.17SD	3.4375357826988506
10249.C034.17SS	3.35478046607578
10249.C035.06SD	2.49699280827697
10249.C035.07SD	2.5505153190770002
10249.C035.09SS	2.8794750270643577
10249.C035.10SS	2.7916541584056884
10249.C035.11SS	3.1933883138142702
10249.C035.12SD	3.336918102834248
10249.C035.12SS	3.138679395418843
10249.C035.13SD	3.0973666046582276
10249.C035.13SS	3.4066242636734327
10249.C035.14SD	3.6590155163341067
10249.C035.14SS	3.8593159380496287
10249.C035.15SD	4.46541849445596
10249.C035.15SS	4.201188692240474
10249.C036.05SD	2.1032822060872243
10249.C036.09SS	2.2090531237037387
10249.C036.10SS	2.2614590157550603
10249.C036.11SS	2.5288338137534643
10249.C036.12SS	2.703162316041618
10249.C036.14SD	4.490513921855826
10249.C036.14SS	4.053612365493819
10249.C037.09SS	3.908546393128919
10249.C037.10SS	2.6755364951915737
10249.C037.11SS	3.2432927941674965
10249.C037.12SD	3.7522047652801533
10249.C037.12SS	3.260553557702221
10249.C037.13SD	3.302754228361227
10249.C037.13SS	3.217643838526196
10249.C037.15SS	3.216199095023672
10249.C038.05SD	3.579444916177491
10249.C038.06SD	3.536663641508269
10249.C038.07SD	4.145966713344929
10249.C038.10SS	3.6913405807814486
10249.C038.11SS	3.8718953426049225
10249.C038.12SD	4.345235249421107
10249.C038.12SS	3.9791839692915105
10249.C038.13SD	4.153569955472064
10249.C038.13SS	4.180226110343386
10249.C038.15SD	4.331024516623857
10249.C038.15SS	4.626450676366256
10249.C038.16SD	4.817177087236405
10249.C038.16SS	5.054796559022253
10249.C041.05SD	2.8090775261730787
10249.C041.06SD	3.222579581541172
10249.C041.10SS	3.8054669026257284
10249.C041.11SS	3.7580943095278143
10249.C041.12SS	3.9622233266887714
10249.C041.13SD	3.952425972285863
10249.C041.13SS	4.2640616170698715
10249.C041.14SD	4.485208520192118
10249.C041.14SS	4.488172191673526
10249.C041.16SD	4.414182975030086
10249.C041.16SS	4.2767619062678595
10249.C041.17SD	4.688279138969833
10249.C041.17SS	4.497275441091742
10249.C042.06SD	3.770279866635657
10249.C042.09SS	3.514060180693991
10249.C042.10SS	3.9611721858336164
10249.C042.11SD	4.003554248190015
10249.C042.11SS	4.10644820524818
10249.C042.12SS	4.302337450090403
10249.C042.14SD	5.033936988731181
10249.C042.14SS	4.933405406167049
10249.C042.15SD	4.838484313072839
10249.C042.15SS	4.796910146109149
10249.C043.04SD	2.4456255090403527
10249.C043.05SD	1.943759939306296
10249.C043.08SS	2.901085713440248
10249.C043.09SS	3.063509964867404
10249.C043.10SD	3.2507643541293607
10249.C043.10SS	3.5363299857548123
10249.C043.11SD	3.2880933626316238
10249.C043.11SS	2.9883497046675815
10249.C043.12SD	2.9385235331549415
10249.C043.12SS	3.026669010200127
10249.C043.15SD	4.07588813601659
10249.C043.15SS	3.7871304090904467
10249.C044.09SS	3.60929300788617
10249.C044.10SS	3.390593333528506
10249.C044.11SS	3.339243501910416
10249.C044.12SD	4.139935939934989
10249.C044.12SS	3.9214163041709202
10249.C044.13SD	4.432643872872816
10249.C044.13SS	4.385559747496462
10249.C044.15SD	4.150040598819821
10249.C044.15SS	4.449560509738888
10249.C045.02SS	2.385491534892633
10249.C045.03SS	1.9930093990872513
10249.C045.04SS	1.807428594809926
10249.C045.05SD	2.2570871085965636
10249.C045.05SS	2.397501684785068
10249.C045.06SS	3.210057011127455
10249.C045.08SD	2.9834115016961134
10249.C045.08SS	3.8518700777609114
10249.C045.09SD	2.9481046405499325
10249.C045.09SS	3.6181704404836195
10249.C045.10SD	3.968449480834638
10249.C045.10SS	4.064435748814104
10249.C046.03SS	1.9536005762480593
10249.C046.04SS	2.924200738007975
10249.C046.05SS	2.804385160434459
10249.C046.06SD	3.595789678387274
10249.C046.06SS	3.722553202797528
10249.C046.07SD	4.107699790672415
10249.C046.07SS	4.16241146803874
10249.C046.09SD	4.659781914014048
10249.C046.09SS	4.404491302112845
10249.C046.10SD	3.930579872440716
10249.C046.10SS	3.7507398395340092
10249.C046.11SD	3.715919507334598
10249.C046.11SS	2.903982679646596
10249.C047.02SD	1.3302398071686794
10249.C047.02SS	1.286371002217736
10249.C047.06SD	3.0879811524167873
10249.C047.06SS	3.142013839012808
10249.C047.07SD	3.7984985691846394
10249.C047.07SS	3.3055930858626406
10249.C047.08SD	3.154120328448369
10249.C047.08SS	2.993677984736699
10249.C049.01SS	0.10083073102790498
10249.C049.02SD	0.33129536631557016
10249.C049.02SS	0.09598224278955564
10249.C049.03SD	1.7490116886536586
10249.C049.03SS	1.4954588765836165
10249.C049.07SD	1.363269361399342
10249.C049.07SS	1.9141504383328587
10249.C049.08SD	0.9978514674282312
10249.C049.08SS	1.591819072376781
10249.C049.09SD	3.3663797381136193
10249.C049.09SS	3.445936897683082
10249.C052.03SD	1.2172520337700672
10249.C052.03SS	1.152512877419262
10249.C052.04SD	2.01792561049284
10249.C052.04SS	1.3801405174270651
10249.C052.05SD	2.232230507098171
10249.C053.02SD	2.367754343318055
10249.C053.02SS	2.2665572712617608
10249.C053.03SD	2.1093730967291004
10249.C053.03SS	1.5507090751452688
10249.C053.04SD	2.834491249972251
10249.C053.04SS	2.193389105552963
10249.C053.05SD	3.627881815726115
10249.C053.05SS	3.3014135033931407
10249.C055.02SD	2.8317949896048082
10249.C055.02SS	3.0315766978294256
10249.C055.03SD	3.616921314294657
10249.C055.03SS	2.569437901351039
10249.C055.04SD	3.2545950448766794
10249.C055.04SS	2.7657859803684173
10249.C055.05SD	3.038499524898973
10249.C055.05SS	3.0865538289112626
10249.C056.01SS	5.090112275013761
10249.C056.02SS	3.8840917035547027
10249.C056.03SD	3.5548139786978545
10249.C056.03SS	3.278453758181763
10249.C056.04SD	3.308594232048912
10249.C056.04SS	3.1208373275411607
10249.C056.05SD	3.2706121159190076
10249.C056.05SS	2.8179524467255948
10249.C057.03SD	2.065890301906541
10249.C057.03SS	2.227475160097979
10249.C057.04SD	2.7698347314227107
10249.C057.04SS	2.9333295521739666
10249.C057.05SD	2.725015425751215
10249.C057.05SS	2.5100974047427878
10249.C001.01SS	1.9925012993283426
10249.C001.35SS	4.6397379251054645
10249.C002.01SS	1.6392927112115216
10249.C002.20SS	4.1077950810270325
10249.C005.01SS	1.7276813916165321
10249.C005.20SS	4.18606668903414
10249.C005.22SS	4.205305820912769
10249.C007.01SS	2.7570349351988974
10249.C007.14SS	2.220759247455894
10249.C007.21SS	4.9142673834702135
10249.C007.26SS	5.437450017629022
10249.C008.03SS	2.299597295733802
10249.C008.15SS	4.476579819690975
10249.C008.18SS	5.132175153402218
10249.C009.01SS	2.9323551262268133
10249.C009.16SS	4.734295003696864
10249.C009.21SS	4.486927620455506
10249.C010.01SS	2.3050035968105753
10249.C010.13SS	4.150833681351363
10249.C010.21SS	4.888178011809059
10249.C011.01SS	4.621978501158847
10249.C011.16SS	4.1815703392736365
10249.C011.18SS	3.53702245830843
10249.C011.20SS	4.5209094171766395
10249.C011.21SS	4.747823720319005
10249.C012.01SS	2.5113179626869497
10249.C012.18SS	4.679551068520873
10249.C012.20SS	3.7512725377009
10249.C014.01SS	1.6967699992386547
10249.C014.17SS	3.9784600981892932
10249.C014.18SS	4.192173041085735
10249.C014.21SS	5.179734387050105
10249.C014.22SS	4.133724353201279
10249.C016.01SS	2.553166595293642
10249.C016.02SS	1.459949493973914
10249.C016.19SS	4.67397084660964
10249.C016.20SS	3.9424809219036825
10249.C016.23SS	5.298688907646851
10249.C016.24SS	5.772391847346005
10249.C017.01SS	2.0867177508805583
10249.C018.01SS	1.696503225035822
10249.C018.15SS	5.2073097709073375
10249.C018.16SS	5.040574008241828
10249.C018.17SS	4.353102274622342
10249.C018.18SS	4.914432296119972
10249.C018.19SS	5.043086589701668
10249.C020.01SS	2.4328527092508154
10249.C020.06SS	1.460149725979112
10249.C020.21SS	4.6093221514718525
10249.C020.28SS	4.699401716184328
10249.C020.29SS	5.165520501986188
10249.C021.01SS	2.126384165210034
10249.C021.13SS	4.410771352613775
10249.C022.01SS	2.3377070728326257
10249.C022.16SS	4.304837920892119
10249.C022.19SS	4.302123970911777
10249.C022.20SS	4.612956396560994
10249.C022.21SS	4.723421472307376
10249.C023.01SS	2.579963847841057
10249.C024.01SS	2.239634760512998
10249.C024.18SS	4.9119659795702795
10249.C024.21SS	5.030172772233569
10249.C024.22SS	5.040351206556213
10249.C025.01SS	4.118840842195082
10249.C025.17SS	3.2874520384698918
10249.C025.20SS	2.4906227772253904
10249.C025.21SS	2.939508637614687
10249.C027.01SS	1.0744149914562298
10249.C027.18SS	4.503308615357849
10249.C027.21SS	4.873204246213187
10249.C027.22SS	4.667915700940822
10249.C030.01SS	3.2763661732713962
10249.C030.18SS	4.837077534258141
10249.C030.20SS	5.4553898568442065
10249.C031.01SS	1.3724305537404562
10249.C031.09SS	2.4869299336378443
10249.C031.18SS	3.9524313509650004
10249.C031.20SS	4.632159472222671
10249.C031.21SS	5.402386499336551
10249.C032.01SS	2.1289432087168354
10249.C032.09SS	1.9628390592176634
10249.C032.21SS	6.001328725067852
10249.C032.22SS	5.936731401211038
10249.C033.01SS	1.5853848633979484
10249.C033.16SS	4.638151787151749
10249.C033.19SS	4.684339841620382
10249.C034.01SS	1.556069283268794
10249.C034.16SS	3.7978049706758337
10249.C035.01SS	1.2556531238923672
10249.C035.05SS	2.8027093655966797
10249.C035.16SS	3.4651670766125817
10249.C035.17SS	4.054199114526963
10249.C036.01SS	1.1943709035995842
10249.C036.13SS	3.632599856773332
10249.C036.15SS	3.951814296694938
10249.C036.16SS	4.277272719987838
10249.C037.01SS	1.5446624491982706
10249.C037.05SS	3.4529922656907517
10249.C037.14SS	3.8597255044456404
10249.C037.16SS	3.500654696324476
10249.C037.17SS	4.14515812325828
10249.C037.18SS	3.9313150523784555
10249.C038.01SS	0.0440940587594734
10249.C038.14SS	4.303394463599279
10249.C038.18SS	4.795559364747962
10249.C041.01SS	1.4766407873563556
10249.C041.04SS	2.4971844919059176
10249.C041.18SS	5.777932671315936
10249.C041.19SS	5.782260903091182
10249.C042.01SS	1.1385237573723308
10249.C042.04SS	3.7961380911775002
10249.C042.13SS	4.609614238186882
10249.C042.16SS	3.891814246490673
10249.C042.17SS	5.484655136348353
10249.C043.01SS	1.7989483206334498
10249.C043.14SS	3.917395350409362
10249.C043.16SS	3.8630041068046603
10249.C043.17SS	4.436417340706175
10249.C043.18SS	3.759477340878173
10249.C043.20SS	5.19401737469908
10249.C044.01SS	1.003566334053625
10249.C044.16SS	4.320705936167874
10249.C044.17SS	4.734226756554242
10249.C045.11SS	4.4235619164340685
10249.C045.12SS	4.034056374382326
10249.C045.13SS	4.645311539428495
10249.C046.08SS	3.667458795063004
10249.C046.12SS	3.6353490929507957
10249.C046.13SS	2.1964637975178243
10249.C046.14SS	2.8218632662699568
10249.C047.05SS	1.6142498197671706
10249.C047.09SS	3.651699532162411
10249.C047.10SS	3.7824149912075136
10249.C047.11SS	3.7231119329447018
10249.C047.13SS	3.4630476508021917
10249.C049.04SS	2.095360960088599
10249.C049.10SS	3.281982525653111
10249.C049.11SS	3.462448636672717
10249.C049.12SS	3.376820740518234
10249.C049.13SS	3.8328606868746893
10249.C049.14SS	3.8901285915699564
10249.C052.02SS	0.020105463645276985
10249.C052.06SS	2.304622257085811
10249.C052.07SS	1.8199037615149534
10249.C052.08SS	2.159541487379024
10249.C052.09SS	2.8366559381771954
10249.C053.06SS	3.439646613133609
10249.C053.07SS	2.7619672949799705
10249.C053.08SS	3.5611677302444598
10249.C053.09SS	2.6473551781929383
10249.C055.01SS	6.978478071848532
10249.C055.06SS	3.459768671451229
10249.C055.07SS	3.0456939700001677
10249.C055.08SS	1.9970068447598093
10249.C055.09SS	3.7579464755178966
10249.C056.06SS	3.200839930279089
10249.C056.07SS	3.1289467919220297
10249.C056.08SS	3.8640949480343045
10249.C056.09SS	3.6373071336910594
10249.C056.10SS	3.690527175866412
10249.C057.02SS	2.2282382888140737
10249.C057.06SS	2.34333411266533
10249.C057.08SS	2.518449166555269
10249.C057.09SS	2.4859267398804628
10249.C057.10SS	2.519125734316139
10249.C057.11SS	3.749882034066896
