	S62	S63	S64	S65	S66	S68	S69	S71	S72	S74	S82	S83	S84	S85	S86
1CMET2-PWY	10744.961831599228	0.0	19106.03437498617	1499.3203304647323	501.05006579650734	851.8571720803109	254.8137394844211	2245.766709839032	2427.7127782934617	3461.9405078406744	8857.063041321295	1968.1488634011796	8499.160243627477	6559.665331689925	3727.2376857287277
3-HYDROXYPHENYLACETATE-DEGRADATION-PWY	549.4596454789103	0.0	126.52472446036005	0.0	0.0	0.0	0.0	0.0	0.0	32.57963679451975	6.541462358722743	0.0	0.0	0.004092037245441188	274.66803733226897
AEROBACTINSYN-PWY	0.0003114147382479519	0.0	0.008916164024739319	0.0	0.0	0.0	0.0	0.0	0.0	0.0	0.0	0.0	0.0	0.0	0.005901321521396224
ALL-CHORISMATE-PWY	1220.3228010852238	0.0	1463.9158213066428	0.0	0.0	0.0	0.0	0.0	0.0	0.0	63.02289793953229	0.0	0.0	0.0	436.01187267418294
ANAEROFRUCAT-PWY	13207.823382960529	219.56032475739968	19894.44277918827	2077.681827366825	516.1435022798535	675.7177973719587	693.2974428770846	2128.828032216221	2870.380927664504	1836.451776949045	8964.913843027585	2254.7202411803573	8204.985481265836	6699.680950543866	4417.280452909302
ANAGLYCOLYSIS-PWY	15853.365420071852	216.58413273571193	28122.170668202496	2122.9493808365096	582.6786699017653	1304.7897779290975	759.7858197688776	3526.301501504372	4334.2296857590145	1777.122429555738	12781.81708915918	3078.891944934889	11700.691065773242	9545.192646275791	5702.416412636968
ARG+POLYAMINE-SYN	4128.900241521519	0.0	9186.792724875351	0.0	128.28942021204938	309.2389592883354	44.49244047598033	568.8004449774218	1384.1594255061113	615.497285949166	4906.849756887324	1058.9183737477088	4678.678226053371	3878.1979042914636	1699.263013397431
ARGDEG-PWY	384.6936035544179	0.0	0.012482173997667762	0.0	0.0	0.0	0.0	0.0	0.0	0.0	0.0	0.0	0.0	0.0	0.012904626391904359
ARGORNPROST-PWY	4784.906094484358	0.0	9428.876514331392	639.552171118493	411.80191947145715	273.5923417829441	0.0	867.7312566449118	1245.1336273194968	565.9941188823541	4241.039414348395	1780.500750594423	4604.73944624339	5008.101400832213	2798.2538795772807
ARGSYN-PWY	10852.656881416944	0.0	14987.229439350995	1331.1727354001837	251.93294412886092	857.7614172855666	434.58800736084805	2253.9312598511024	2428.2960359593103	2165.491390374263	6928.67566973997	1541.959985300518	6046.103992246633	5233.782375815253	2882.9490823156925
ARGSYNBSUB-PWY	10996.301858363939	0.0	15115.560948089767	1362.6401144590209	256.7358151936476	860.9991371512548	460.4045109328052	2289.1632106563015	2322.7910969939635	3412.098486387072	7011.272531770454	1402.9339905249064	5811.092802324063	5102.076378088713	2853.8109919214035
ARO-PWY	13477.0755856603	0.0	20155.877655021533	1350.5874340420787	467.463143518933	1000.1556555900656	781.6718334878473	2380.646409036875	2516.2729107019586	4120.843314308212	9105.78684974018	1737.3404056253937	8416.324939080047	5756.177112719896	3212.5211219850776
ASPASN-PWY	9962.43615611669	0.0	18932.621400882173	102.21681449224901	478.1936526508865	981.6466970465017	495.8746320474088	2228.647035467936	2046.180095481346	2846.952291300124	7675.53023314253	2344.6618746395256	7864.150624136308	6240.222871738705	3462.917841513765
AST-PWY	671.3569794271122	0.0	0.0111443323606367	0.0	0.0	0.0	0.0	0.0	0.0	1680.1701387659741	0.0	0.0	0.0	0.0	0.004430707896272674
BIOTIN-BIOSYNTHESIS-PWY	4296.147181493872	0.0	969.4808217659705	0.0	0.0	0.0	0.0	0.0	0.0	3317.196230606096	817.0155917027147	0.0	1174.9226914312621	1327.5178041991335	879.4197729588777
BRANCHED-CHAIN-AA-SYN-PWY	13605.605811579442	64.72099335903474	20570.953603710008	1695.3147119365726	377.69591397435585	1151.6962791279998	506.34214925986726	2884.8268341259795	3012.1422812341248	3602.7145985440848	9197.02492994141	1946.6032701894878	8628.085343049363	7101.324924997182	3986.6072678005576
CALVIN-PWY	17705.052999777636	205.69748844274665	23298.626062851996	3105.1419555934426	733.2546538024553	857.6243432641173	732.8186797722274	2176.25250389868	3233.0995944486735	4009.813276735586	10780.370362754466	2639.7135690291893	9848.73350451107	8014.47525195391	4793.872584333527
CATECHOL-ORTHO-CLEAVAGE-PWY	1207.559711892117	0.0	67.18521199925222	0.0	0.0	0.0	0.0	0.0	0.0	4245.748227733022	0.0	0.0	0.0	0.0	92.52878328400213
CENTBENZCOA-PWY	0.0	0.0	4.239504368439851	0.0	0.0	0.0	0.0	0.0	0.0	0.0	0.0	0.0	0.0	0.0	4.210259089182034
CENTFERM-PWY	3302.373543017046	0.0	3268.837533373465	0.0	2.3746371630956706	0.3966649426829042	0.0	2.9919008478212006	0.0	125.65935886280676	2200.771199752822	471.15510178147645	1875.9123079259236	1301.5168698357534	1718.4707667480975
CHLOROPHYLL-SYN	0.0	0.0	0.020875602888948405	0.0	0.0	0.0	0.0	0.0	0.0	0.0	0.0	0.0	0.0	0.0	322.9563601235476
COA-PWY	13215.993816063467	194.2	20660.16307546856	1472.33	660.7714701717509	849.4410605243005	764.0329438804597	2372.4761217695827	2946.3919134934863	3580.504797134355	10206.111089011743	2690.353754401236	9478.822198222	8129.092098759074	4438.24160293778
COBALSYN-PWY	8770.519789576781	0.0	15331.271873789641	0.0	371.2722673657191	833.0599442829397	397.4710164154661	2029.1617401560945	2135.499942453035	2856.912720707634	6756.930919405675	1360.380534224242	5780.038583966804	3977.673143053514	2383.042505677619
CODH-PWY	0.0	0.0	6473.88235617511	0.0	392.2113465030236	41.818210095890485	0.0	277.07962292346804	470.548905565449	0.0	4307.028402659543	400.1819496132855	3156.8256685642973	1833.169552206856	861.126041280673
COLANSYN-PWY	5946.534906480192	0.0	7593.301737844847	0.0	0.0006665260345204805	70.64186725215077	241.85500809757934	427.81999788598984	1096.081385475146	49.99248741520194	4904.741234185967	1656.2708183869747	6030.862732564892	4850.8802961224355	2129.3746941565
COMPLETE-ARO-PWY	14055.818649936095	0.0	21334.114204070698	1439.6192133691634	491.25794284773593	1071.7413448483362	792.3946293832204	2548.7548141555544	2645.078572786223	4287.832669588373	9615.993456949775	1803.4878674592778	8830.034218580307	6004.968357041381	3372.8694336838334
CRNFORCAT-PWY	0.0	0.0	42.91220536329052	0.0	0.0	0.0	0.0	0.0	0.0	198.60768801990386	403.6762524323548	81.25349156202611	249.60623696783932	0.0	321.7802775920481
DAPLYSINESYN-PWY	10379.476329032823	0.0	19799.98789091166	1289.7104859036062	483.8773591409123	989.0493154067483	179.4451180408782	2314.603825234878	2443.746531310571	3042.002657297621	8412.192354910318	1600.8316181684825	7544.472958778276	5520.917568375121	3523.7298999228633
DENITRIFICATION-PWY	15.582278053578408	0.0	73.86689678486509	0.0	0.0	0.0	0.0	0.0	0.0	0.0	65.73547843693541	0.0	169.0605297489003	205.1947098567877	286.02398009428515
DENOVOPURINE2-PWY	11090.372288751758	0.0	19120.82123377598	335.06786632803704	402.769208551044	827.1984459639763	640.844336022983	2259.6004552150785	2592.256716897259	2924.4422680771468	8694.854742163876	1940.093321491334	8257.616636263245	6295.006516724648	3625.6770210442337
DHGLUCONATE-PYR-CAT-PWY	0.0	0.0	0.012381231392265142	0.0	0.0	0.0	0.0	0.0	0.0	0.0	0.0	0.0	0.0	0.0	0.01230658883387745
DTDPRHAMSYN-PWY	10373.837381490393	0.0	14201.29231563237	664.4455848110166	93.3073190432279	758.7875220949304	542.8615514119534	1875.6710044720603	2278.2549555277337	468.5621452991397	6388.99772739436	1640.094056743365	7102.367773848621	5857.989070492721	3025.6128635505434
ECASYN-PWY	356.97015984111454	0.0	0.01724211629107727	0.0	0.0	0.0	0.0	0.0	0.0	0.0	0.0	0.0	0.004371425468092564	0.001315416683209485	0.01576897828390664
ENTBACSYN-PWY	1609.0196660245133	0.0	1985.1001500120651	0.0	0.0	0.0	0.0	0.0	0.0	445.89986140809896	7.214917396616281	0.0	0.0	0.0	1097.771205371124
FAO-PWY	4106.426092927614	0.0	1820.1389662194313	0.0	1.9619916535559323	0.1700264218115213	0.0	2.5462015597539107	0.0	4714.420261997814	1469.1851713616948	274.15624047480776	1281.7150015074133	993.9937595450344	1035.2410290060207
FASYN-ELONG-PWY	8394.235657099789	0.0	8205.145125146326	0.0	0.0	0.9063225379410058	205.81607645806676	627.0224096686433	1704.7163066857217	4020.729867510804	4536.195172003501	1193.8302672866928	5429.105320442921	5185.619615585209	3015.7870729693886
FASYN-INITIAL-PWY	6129.029471098887	0.0	484.5227888757009	0.0	0.0	0.0	0.0	0.0	0.0	1869.1522327547839	743.2781121966265	0.0	846.4124050077464	1963.3040540210868	780.2542997915934
FERMENTATION-PWY	8861.755544008553	0.0	13413.130134362433	197.79053516534262	0.0	240.4805335314045	564.6972096052007	1280.19254036144	1591.7837382456237	2146.6424362285716	5532.194856592679	1536.5103875300538	5803.272708102991	4191.6595057937075	3099.642801595349
FOLSYN-PWY	10799.024825115277	0.0	17819.330647945728	1490.405206849232	251.84883602175026	855.3953072394884	692.3662376358819	2116.163987762818	2208.4199590482594	3956.1689401791527	8170.050412424653	1964.937044298524	8008.04649749855	5538.852685437836	3498.5245716250647
FUC-RHAMCAT-PWY	1808.8685039036855	0.0	4930.854748665752	0.0	0.0	222.3685962217589	31.21212298937803	653.1553884772279	867.3816679251707	117.53923712390464	1660.1707965991627	450.1951885133933	1904.9349230092928	927.6091085710384	882.4763366976847
FUCCAT-PWY	1333.3749755044896	0.0	6152.764407713089	0.0	77.69193998282059	296.44154888737853	32.554698865263305	833.3965519211099	1138.732020971047	155.99019518798744	2183.0987070692063	780.2252151901971	2543.632038991428	2024.3291771502772	1203.0464570971817
GALACT-GLUCUROCAT-PWY	4321.259520278513	0.0	5754.395486285232	0.0	126.31111555104101	246.9178518958475	35.85956063085091	825.610765601735	924.0930945863253	98.37542274733411	2326.9811953266203	773.6052958132913	2752.436568651741	2301.5473389605204	1233.787482477666
GALACTARDEG-PWY	683.6323390416389	0.0	230.95453431968477	0.0	0.0	0.29215607624356826	0.0	0.0	0.0	5.677093079608317	78.51102262343328	9.847900508262084	76.97433080326373	331.27091879152266	87.48594715114244
GALACTUROCAT-PWY	6774.96409666158	0.0	6902.5321770420705	0.0	203.9806064694484	229.40838957970914	39.45667216335909	820.6124845730335	1077.8551581358065	129.89949557540223	3595.834698990963	816.3878095961451	3622.9500407993205	3119.452361696284	1332.5656146655504
GALLATE-DEGRADATION-I-PWY	261.57732569468453	0.0	239.0389887200253	0.0	0.0	0.0	0.0	0.0	0.0	268.4435827580819	0.0	0.0	0.0	0.006755998564853861	165.11817625419266
GALLATE-DEGRADATION-II-PWY	173.26714539897662	0.0	239.0389887200253	0.0	0.0	0.0	0.0	0.0	0.0	268.4435827580819	0.0	0.0	0.0	0.006755998564853861	165.11817625419266
GLCMANNANAUT-PWY	5298.381131890782	0.0	12299.85576967866	449.8316394535456	232.5664343108404	684.9695962482746	39.27269581589467	1596.4521386409228	1801.3204403064683	161.04240886551938	4925.080891470138	911.0149880383898	4577.883870207393	1955.350425157099	2774.4737344062796
GLUCARDEG-PWY	753.2284435054028	0.0	304.41196645788165	0.0	0.0	0.29317095310036984	0.0	0.0	0.0	0.0	128.1304303450221	10.004653887064661	87.02777342534657	331.27091879152266	94.47396060522591
GLUCARGALACTSUPER-PWY	683.6323390416389	0.0	230.95453431968477	0.0	0.0	0.29215607624356826	0.0	0.0	0.0	5.677093079608317	78.51102262343328	9.847900508262084	76.97433080326373	331.27091879152266	87.48594715114244
GLUCONEO-PWY	14002.291329680069	0.0	19774.22941205509	631.9324031112106	617.9582950225749	718.9704964463444	777.123689988078	2246.20240594692	2703.4412058703883	4031.5206725199055	9396.07492699927	1873.7349323717722	8118.628384030458	6977.743647671097	3442.5911439424694
GLUCOSE1PMETAB-PWY	845.1133585758396	0.0	388.9200114564311	0.0	0.0	1.2896573308901171	0.0	0.0	126.58504751217215	0.0	422.67932751060573	435.02735989883735	1042.403818427662	810.9815683909158	363.04185732222413
GLUCUROCAT-PWY	4550.486658184381	123.67154803210687	6955.59977430116	152.30883371964768	185.2397673991338	340.4483752526054	42.15025982751858	1026.2914560582017	1164.5878716960158	128.73171455369578	2986.4608315104288	919.3482072757388	3273.1075026314898	2888.0375160803037	1462.4232588276864
GLUTORN-PWY	8882.407159025028	0.0	12950.552647882108	1254.1169030390731	246.67476059909887	722.8733254018584	395.4548404214281	1928.9365645833652	1827.6886604295414	3176.9474214765155	5947.296132608794	1052.6243501557103	4788.947768784882	4234.750726264279	2327.9587160508045
GLYCOCAT-PWY	14445.490744046256	0.0	25244.82287639034	195.27761897334173	374.22837047203006	1244.2659877757967	146.3174460758593	3200.403916769219	3530.2780720187848	253.26824870677143	10465.410899555896	3042.5087542347924	10853.132838182079	8291.082916070076	5296.5848045991115
GLYCOGENSYNTH-PWY	15084.512980536036	0.0	22375.400682459764	1613.3955362789088	373.27737868248283	1193.6475740020344	756.6982743408821	2902.0297518833945	3379.0891332818383	925.2554017647221	9118.488424021893	2604.364238320424	8952.084614727311	7556.481918681759	5149.293215605018
GLYCOL-GLYOXDEG-PWY	685.3018602793829	0.0	804.0025205184904	0.0	0.0	0.0	0.0	0.0	0.0	104.19932845553802	55.249114355274685	0.0	0.0	0.15605955054198148	385.4169746737206
GLYCOLYSIS	14516.219402687695	213.92130122210605	22814.057322858294	1978.4890124060414	616.2246244704378	827.561796257692	753.6711161435709	2628.1283043310004	3381.5445017886186	2700.2734112432627	10593.471382544407	2720.505807998381	9639.922217575731	8228.66912863401	5038.707883050054
GLYCOLYSIS-E-D	8322.397477839786	0.0	9684.797325511832	0.0	0.0	25.19765552770619	134.72628150245853	469.1038771083908	1645.7413658160485	29.526356032502925	4103.62308981519	1136.5095225114803	5031.540712416389	4007.4761881029704	2681.5313060746325
GLYCOLYSIS-TCA-GLYOX-BYPASS	5604.339791975374	0.0	3027.667656313839	0.0	0.0	0.5419610213602578	0.0	0.0	0.0	2960.1839993205695	144.84413710909192	0.0	0.0	0.6147155591983597	1126.3216382979426
GLYOXYLATE-BYPASS	3031.7091232962484	0.0	1515.693857511928	0.0	0.0	0.20663868806919714	0.0	0.0	0.0	2740.337146608149	61.63597514463644	0.0	0.0	0.15612785359414033	661.4005974838882
GOLPDLCAT-PWY	33.588663345110014	0.0	3833.7745221474734	0.0	96.0343166960984	229.97154556460876	0.0	438.4416806954122	544.0378016483138	14.913348371319207	1195.8951914772379	239.21874973697382	1399.5145287483117	143.9362578618014	534.6048918563826
HCAMHPDEG-PWY	1483.94423399979	0.0	133.75075779274792	0.0	0.0	0.0	0.0	0.0	0.0	1126.5986818339202	0.0	0.0	0.0	0.0	238.38931840119804
HEME-BIOSYNTHESIS-II	2684.874381408102	0.0	2460.940588761276	0.0	0.0	0.15110979042443673	130.10716466545927	117.49279484354196	473.9597074727089	2778.1895362107234	1142.4228605047742	636.4465531870043	1831.7560767076052	1574.8422438584169	1129.8252069728264
HEMESYN2-PWY	3462.4842360468515	0.0	3955.8749196530657	0.0	38.99631232074701	45.115440109113784	239.2468752133409	462.9383116256928	1151.2440380566297	3499.2742372732	2766.046439154713	1021.6395438909726	2755.195110251112	2987.564728703931	1881.3367906452231
HEXITOLDEGSUPER-PWY	7233.366290119512	0.0	13686.421153162884	921.8624466084382	407.2205829893281	490.8438347971217	414.30063798517534	1551.2062803343606	1916.1234383837425	644.9676144833019	6183.431344173821	776.933909535251	4970.395099716428	2638.480788508044	2122.4117005561693
HISDEG-PWY	3589.6861765159188	0.0	7362.249576237243	0.0	323.38901220034086	84.29193997183133	403.98691072551134	89.95787881279004	528.5716789065499	2650.913414663732	4185.490927922082	902.0308287594314	5035.770137599467	3048.305248376562	1153.1429676077898
HISTSYN-PWY	10801.979086814554	0.0	15791.750450245403	1348.3342777002633	371.6750312158597	846.4894016494328	417.52035080357547	2102.1319951837804	2193.5838899442806	3113.4237785115943	7329.98220403378	1501.5880692618157	6837.936976182318	5298.652961136899	2792.3069894632426
HOMOSER-METSYN-PWY	8509.829401392479	0.0	7801.407570303885	1254.116903039073	83.20736811930371	249.08598160314702	394.6675961835916	887.4613625794065	1431.2863103478314	761.4951267959142	2927.1114178806856	572.1467230972919	2619.1894077130887	2923.383112031423	2479.4850569744813
HSERMETANA-PWY	9660.259462497957	0.0	8290.352598944806	1465.8782550014853	0.0	164.7002145151054	202.9262377479063	411.1769763983847	620.4458361709525	3005.255102289951	3048.6148568331832	609.3815937250317	2786.3500892803368	3415.3351719360344	2902.0611411807936
ILEUDEG-PWY	0.0	0.0	36.58456133379652	0.0	0.0	0.0	0.0	0.0	0.0	0.0	0.0	0.0	0.0	0.0	36.19066982269611
ILEUSYN-PWY	15823.41636912502	66.5701645978643	21521.159919014946	1750.972711375905	442.7327251981652	1164.4449803507273	533.8389129283405	2868.5563258633665	3028.7990282373903	3839.09225826908	9517.345883447506	2029.1355199316033	9132.988068937488	7454.362003315184	4331.922980126343
KDO-NAGLIPASYN-PWY	1108.12698555682	0.0	0.03566473179763156	0.0	0.0	0.0	0.0	0.0	0.0	0.0	0.0	0.0	0.0	0.0	0.03543769176373777
KETOGLUCONMET-PWY	323.0931819890261	0.0	113.28938237082033	0.0	0.0	0.0	0.0	0.0	0.0	148.23172110871423	1.096370940072	0.0	0.0	5.266006543879984	320.8849354174514
LACTOSECAT-PWY	3750.3619883583265	168.31025862273384	8146.142055178003	173.32506737868786	371.65588743875935	365.3992300094363	391.34625158784326	928.8547274743262	876.807094997765	192.1392977107919	3803.7453011573416	250.3513078081518	2974.239619413955	1057.9561928139153	941.9938401947941
LEU-DEG2-PWY	2152.1503583798462	0.0	2177.442982489823	0.0	0.0	0.0	0.0	0.0	12.184723550636257	2262.6185085580155	939.484220018657	47.19084772728519	1726.4104266911024	1548.4759003192576	906.9044114599003
LIPASYN-PWY	0.0	0.0	2.967499999999997e-13	0.0	0.0	0.0	0.0	0.0	0.0	0.0	0.0	0.0	0.0	0.0	0.2872001031622794
LPSSYN-PWY	640.1034504092571	0.0	0.035563291114418784	0.0	0.0	0.0	0.0	0.0	0.0	0.0	0.0	0.0	0.0	0.0	0.03516650112620761
MET-SAM-PWY	10541.545729818194	0.0	10901.778855590526	1422.1914280730905	124.67667589106203	356.59047831743567	493.5650085025775	1219.409241305592	1854.5599481029608	1367.7815051008195	4197.548796382788	845.7307712694833	3790.4539649970293	4014.763576762094	3222.1451655809574
METH-ACETATE-PWY	845.401933663457	0.0	5671.427011569855	0.0	270.94084722965175	397.58780940895366	0.0	864.6064539704112	1219.230279477396	0.0	3208.140423066478	1081.705603361927	1708.1499986388637	4041.404412491135	1878.0763020690138
METHANOGENESIS-PWY	0.0	0.0	0.0	0.0	0.0	0.0	0.0	0.0	0.0	0.0	0.0	121.92736698161957	0.0	230.44548187631884	0.0
METHGLYUT-PWY	659.1924028414538	0.0	366.3523617217735	0.0	0.0	0.0	0.0	0.0	0.0	240.84209574906268	156.62843320472007	0.0	241.09011545628783	152.25371347646382	289.3345734216277
METHYLGALLATE-DEGRADATION-PWY	326.2140036774309	0.0	298.34542584372036	0.0	0.0	0.0	0.0	0.0	0.0	330.6029186858183	0.0	0.0	0.0	0.008444997474757404	205.20284069560608
NAD-BIOSYNTHESIS-II	2189.0383793388914	0.0	308.2465884547281	0.0	0.0	0.7146044791272456	0.0	0.0	5.443576003570096	1135.7527562373764	73.03172206337412	153.0288816852235	119.31537310368711	503.1714898860082	87.18948454892288
NADSYN-PWY	0.0	0.0	512.4718305243335	0.0	0.0	0.0	0.0	0.0	0.0	190.26363917434253	0.0	0.0	0.0	0.0	341.57469674988573
NAGLIPASYN-PWY	2940.4787976422717	0.0	1836.944995459773	0.0	0.0	1.2730956429436824	139.67254661640976	0.0	152.27118935601044	2396.4911958184575	1220.932579983201	539.4376445090214	2571.414257490577	2348.568274209827	981.0183919055177
NONMEVIPP-PWY	10824.100450188469	0.0	21874.816637899155	0.0	464.5572837368368	1015.7199645826189	475.96859434179174	2569.9956272910813	2931.227783139659	3371.2456444840905	9248.358368050998	2660.1943395619246	9170.31221461486	7368.631401195726	4369.088930333338
NONOXIPENT-PWY	24387.40785651569	202.69734632540406	38383.12544297096	4677.8119556157435	1076.9603713419006	2206.3194377151376	1198.233540359158	5298.22960979981	5336.517142208483	4089.4983019802994	16806.7116035341	3789.8506504387774	15184.68331519199	12393.26578519603	7126.242263928729
OANTIGEN-PWY	10765.957073303049	0.0	16949.822983098013	687.1627483675599	145.85320453033614	882.6156377319619	555.3052865576236	2214.234798694046	2592.478288134439	631.8787956694899	7418.365342103927	1736.6184293600627	7215.243093247529	5780.8172389705005	3377.0144048983852
ORNARGDEG-PWY	384.6936035544179	0.0	0.012482173997667762	0.0	0.0	0.0	0.0	0.0	0.0	0.0	0.0	0.0	0.0	0.0	0.012904626391904359
ORNDEG-PWY	268.80419136759417	0.0	32.19072502838175	0.0	0.0	0.0	0.0	0.0	0.0	0.0	0.0	0.0	0.0	0.0	5.6766592220708185
P101-PWY	702.0512447914853	0.0	1869.0237953269566	0.0	0.0	0.18892388134300384	0.0	0.0	0.0	0.0	305.76755132355265	130.2442666124283	191.758430905151	20.722796078812312	613.0814549304384
P105-PWY	6915.88175503485	0.0	3374.467966452396	0.0	0.0	0.9153277753211708	0.0	0.0	0.0	3908.020061808989	293.09730914590494	0.0	0.0	0.0	1250.5404781375626
P108-PWY	3780.3156840217275	0.0	4970.15340629159	0.0	0.0	1.7718879465092754	346.9473523352899	219.6239161957284	645.5955062230138	1001.7378034490916	2939.032510720777	809.3543687004933	4064.1467289178586	3743.15071394436	1485.2864660269665
P122-PWY	6340.518346590122	0.0	3255.2672374462804	1836.535973493219	0.0	12.591475138706793	125.77708385779489	138.87627204731757	102.5031605517876	0.0	231.82583556012946	27.06854371442935	617.3719577837962	986.9304382798811	170.18246048511227
P124-PWY	9949.1726932852	0.0	4570.498811406676	1965.531615900294	0.0	76.73206305178721	583.0363033157181	206.78458472996368	120.87397585887194	0.0	274.1211989504085	31.079385399384886	743.1966622041374	1230.6631798009744	197.75897533860484
P125-PWY	1614.7326925896893	0.0	4236.62311263089	0.0	1.0171957875847513	148.92971253545699	0.0	507.4434325090192	1601.6756799312277	910.999477794504	918.1053908913174	171.6712793063671	712.5773169670539	819.8861383088921	482.91851149455795
P161-PWY	13812.947568164474	0.0	22559.222908281627	2194.9165847205263	590.5265567541687	1164.6291608457313	496.7715708054904	2828.9762174355474	3371.3829734093947	3654.6970091555017	8330.886980390143	2407.730064466279	7449.662736681097	5411.500004462728	4854.985807139545
P162-PWY	2951.671472336233	0.0	1983.7820025389865	0.0	0.0	0.5577301707403476	0.0	0.0	0.0	0.0	1911.0287794426895	277.53975901332643	1611.4558598885585	804.3167199905631	340.3678815747384
P163-PWY	1002.4189053108923	0.0	7168.217842819256	0.0	372.84206671195324	99.85198395755584	164.71488767974225	0.0	338.89918053806815	235.81279414619053	4133.028992499588	719.2916400929653	4036.8426927992473	1858.3254273446264	647.6214378007412
P164-PWY	6926.035360219505	0.0	22461.593560675225	0.0	587.560511523693	1083.8129999924167	40.230813047349564	2151.2886683692477	1810.3781751269153	2217.0080699382934	10514.816829149719	781.0853471789853	8694.724240142385	4102.496139071625	3250.9064362458903
P184-PWY	336.10851061581616	0.0	180.27728856483304	0.0	0.0	0.0	0.0	0.0	0.0	0.0	0.0	0.0	0.0	0.006771391969632959	200.53113961910188
P221-PWY	2740.7297412037015	0.0	93.56658998491886	0.0	0.0	0.2287517205650088	0.0	0.0	0.0	4227.9086313893995	91.46152494803971	0.0	224.40660936641598	243.225865699545	429.4518569627104
P23-PWY	7495.168495572009	0.0	7858.179136246342	0.0	0.0	0.792710119808856	0.0	382.6221269456598	1190.5502662817046	2750.6685185716447	4111.014492471397	957.4785827442987	5184.013319293271	3766.4482247619108	2233.7661800775454
P241-PWY	0.0	0.0	198.89860007751534	0.0	0.0	0.0	0.0	0.0	0.0	0.0	95.44567156086025	142.99877097475388	36.947807034393676	276.62244909589106	5.308667444216714
P261-PWY	0.0	0.0	2.377102377504587	0.0	0.0	0.0	0.0	0.0	0.0	0.0	0.0	252.32753369915292	38.26407244164133	252.2328384390334	1.6378596752131989
P281-PWY	487.1245405841786	0.0	0.11250798316513139	0.0	0.0	0.0	0.0	0.0	0.0	2579.6791324810224	0.0	0.0	0.234345218856443	0.07359340347060803	260.20718352751106
P341-PWY	0.0	0.0	39.482183251312506	0.0	0.0	0.0	0.0	0.0	0.0	0.0	0.0	200.20462985535886	105.6642743724412	689.9314943172872	6.517633072138821
P381-PWY	1484.68636499269	0.0	836.1684869713579	0.0	0.0	0.0	0.0	0.0	0.0	0.0	0.0	0.0	0.0	0.0	358.0036204365987
P4-PWY	10009.339502649258	0.0	15670.303792181972	0.0	251.36003837052218	641.8759093154179	192.16142494161286	1832.4120452456357	2142.5200207111193	1993.1459091508111	6414.664520135584	1198.148680557474	5696.972070210219	4628.728326502459	3250.8517811331826
P42-PWY	8443.771591460165	0.0	12547.929153005412	0.0	376.8409011981779	2.079599156591067	289.2098039743972	515.5363684769297	1773.4138950015918	2203.2074192846694	6988.743864877905	1705.8883354512384	7816.01361979693	6144.404134668968	2876.6926532525054
P441-PWY	9328.02149055897	0.0	17570.060944353783	0.0	422.2716789134846	665.2677344690982	116.5694861780331	2079.5490310760965	2518.2457676002296	462.3546706793057	7651.722746125959	1469.9859406290109	6886.05148581643	4030.2466302763596	3499.7414050892
P461-PWY	6419.3567729584365	0.0	10598.731370342339	1652.6971469903428	214.12637759548304	463.944061433797	302.1946769893249	1420.3849485987603	1607.8728150251272	355.7090935466815	4061.449007564909	390.7493007522531	2844.233426632347	1666.2774143549211	1522.140214264738
P562-PWY	964.2217475249572	58.24889402313125	5123.53363077468	0.0	300.07026082644074	105.92744342439634	0.0	449.8081408803524	372.75434783980745	11.013693346388981	2571.764799531696	257.39540770658004	2186.202633444	693.2226962854473	591.0720465659139
P621-PWY	0.0	0.0	0.008618901972027247	0.0	0.0	0.0	0.0	0.0	0.0	0.0	0.0	0.0	0.0	0.0	217.68538971352075
PANTO-PWY	9273.64005195217	103.13345896534685	15862.908234440767	1322.7663772890191	469.4646005312478	760.746154521503	559.3812991646811	1949.0985607848813	1762.5375280941153	3072.060665981967	7696.153897429109	1619.3840328909203	8145.633708849226	5669.23696930484	3062.445438721456
PANTOSYN-PWY	10301.252582816856	99.75658788813502	16818.06257907516	1369.12634085875	370.7070265288579	781.0029732515612	624.9405468165027	2073.8473118257884	2054.581041553087	3231.383901758009	8110.041656873275	1906.1883336237593	7782.355934662314	6264.392370633894	3429.1421601459674
PENTOSE-P-PWY	6956.760876742901	0.0	6987.818900622937	462.9752233587815	0.0	15.502942207934282	112.85835495379179	292.45774660037483	1230.9429352971442	17.884454764670114	2887.3629316480024	1240.57759607364	3899.09154422675	3170.6480642852184	2385.6598405258296
PEPTIDOGLYCANSYN-PWY	14777.983116040275	204.42105263157893	22720.40390533149	1661.8101478618885	652.7749553509863	967.3405530933641	814.1379844626072	2499.4787862769776	2831.610977460364	3722.134496777462	10347.866566958326	2430.5035599166486	9912.677272714556	7781.202953403053	4375.919037033569
PHOSLIPSYN-PWY	15509.643233840165	215.77777777777777	25451.972151708625	1635.922222222222	650.9625136117662	1198.7119358208654	825.5790834887515	3060.6740393498876	3237.5810687893177	4649.524822703618	11668.640068151137	2394.458715549166	10342.21359020206	7319.597953019541	4751.440810690163
POLYAMINSYN3-PWY	1307.834238367832	0.0	5284.066986593568	0.0	0.0	198.39949298953277	17.3796835281737	172.85547711626643	745.3725202639631	123.38888224837316	1784.0163892880876	497.92105875855657	2264.2187886195957	1258.6897066524723	795.1572378940316
POLYAMSYN-PWY	2726.2452426382015	0.0	6971.868788838992	0.0	86.05526193583523	281.32686789117673	28.62764914850438	737.6892066504956	1048.9008983032058	368.62402662782574	3933.139061905282	824.893898197617	3858.1217702970807	3209.522348888914	1399.3319470302001
POLYISOPRENSYN-PWY	10886.874656506745	194.2	18501.06336923287	1521.42591804706	440.3359815954399	831.502628354232	726.7439903100686	1968.0551694991816	1983.827984249603	3223.0479708313833	8237.288982287677	1696.8784493975688	7669.126106531006	4841.425840070746	3280.4753250807
PPGPPMET-PWY	2658.9538602973553	0.0	183.31370618089798	0.0	0.0	1.2400650224936003	0.0	0.0	0.0	3060.751406365485	25.268894899063934	0.0	16.746328365777018	34.901493680269446	470.79194388050627
PROTOCATECHUATE-ORTHO-CLEAVAGE-PWY	398.60274543070966	0.0	796.8090597046029	0.0	0.0	0.02335911429516541	0.0	0.0	0.0	5285.870075814761	13.412035917733727	0.0	6.584134695380794	3.4124426994252013	278.348446419093
PRPP-PWY	8524.270511937997	0.0	10209.919961071422	0.0	0.0	0.0	0.0	0.0	0.0	2393.913634831338	2789.698704497714	0.0	2810.489028604583	3252.6829127042174	2494.029532829052
PWY-1269	4421.460949914682	0.0	2046.2536470666873	0.0	0.0	5.245765403646043	106.24239187729069	16.296742160805437	218.12134854732307	2452.921736087464	1264.5315803121964	536.6838347879024	2585.560663518492	2288.3680532778144	1133.4312208236563
PWY-1361	269.0390568379618	0.0	0.0	0.0	0.0	0.0	0.0	0.0	0.0	0.0	0.0	0.0	0.0	0.0	114.48314270961004
PWY-1501	0.0	0.0	0.0	0.0	0.0	0.0	0.0	0.0	0.0	0.0	0.0	0.0	0.0	0.0	0.21703035595243747
PWY-1541	0.0	0.0	54.69333512553967	0.0	0.0	0.0	0.0	0.0	0.0	0.0	0.0	0.0	0.0	0.0	126.74377678807583
PWY-1622	127.67994667276886	0.0	1.9451540546543122	0.0	0.0	0.0	0.0	0.0	0.0	0.0	77.72567185678456	0.0	0.0	0.0	200.67777078660413
PWY-181	504.04375833443896	0.0	835.0331604851302	0.0	0.0	0.9059973641592236	0.0	0.0	0.0	0.0	154.83977120140975	0.0	0.0	0.0	1272.3532342014528
PWY-1861	2187.2199930651136	0.0	5936.473471502986	0.0	433.78314687674765	148.51186634210643	0.0	711.3244061626826	1080.9238611297137	264.65066384144956	4250.937299022315	856.8758517102497	3178.210494758037	2699.350964875782	606.198969786367
PWY-1882	0.0	0.0	0.008500715520227757	0.0	0.0	0.0	0.0	0.0	0.0	0.0	0.0	0.0	0.0	0.0	3.4070964999391117e-09
PWY-2201	0.0	0.0	141.14773420404947	0.0	0.0	0.0	0.0	0.0	0.0	0.0	0.0	0.0	50.245785313799416	0.0	0.0
PWY-2221	0.02312300761972134	0.0	0.00019439214784512635	0.0	0.0	0.0	0.0	0.0	0.0	0.0	0.0	0.0	0.0001086657079702332	3.269870667113878e-05	0.00016022520045053102
PWY-2941	5692.865308099867	0.0	2636.5497619885455	0.0	278.97621750313783	263.5234613528985	166.48234836762649	477.9467222613656	312.98632594914994	620.6403756947084	2243.0736244561135	495.0763692935077	1569.3786222862632	2419.943308663815	1244.6887913657893
PWY-2942	13472.301424655463	46.65389268616314	23698.979389271833	1294.9061859153642	608.8688895624024	1105.5769130110018	540.048895189106	2645.616366512124	2974.219399163333	3286.267980137278	10871.988705080423	2319.0864471767995	10194.804185122955	7402.500621422792	4187.490561922534
PWY-3001	12814.662725673927	0.0	22780.303751141484	1501.8456339598192	551.3495863717269	1108.753994597264	497.397307115866	2794.9528516835107	2948.319789617225	3620.3737826081547	10465.006355033764	2153.1729951712205	9115.601649593527	7149.697446519043	3979.767439272499
PWY-3081	0.0	0.0	24.241531271625128	0.0	0.0	0.0	0.0	0.0	0.0	0.0	25.043754666560364	0.0	0.0	0.0	0.0
PWY-3661	0.0	0.0	0.33477531259092874	0.0	0.0	0.0	0.0	0.0	0.0	0.0	0.0	0.0	0.0	0.0	474.1043672824384
PWY-3781	3802.6185431073272	0.0	11127.430854712775	0.0	117.88987127661166	3.189262972508221	0.0	162.43504010109413	1376.1264718655473	2797.579872741868	4863.408289648505	1843.335991496695	7171.121677246682	6754.826208543847	3350.398016558314
PWY-3801	0.32224980370518985	0.0	33.607106407998714	0.0	0.0	0.0	0.0	0.0	0.0	0.0	0.0	0.0	0.0015144284172801232	0.0004557082060689299	16.5370403686367
PWY-3941	3.6199928217348885	0.0	0.47279788626697683	0.0	0.0	0.0	0.0	0.0	0.0	0.0	0.0	0.0	0.0	0.0	0.9876881725459564
PWY-4361	0.0	0.0	143.75364029731196	0.0	0.0	0.13592917459794773	0.0	0.0	0.0	130.1077818518231	0.0	0.0	78.26522519360562	0.0	13.785155295394972
PWY-4722	167.27844822870307	0.0	950.9537577271481	0.0	47.25846106992216	0.0	0.0	0.0	24.703015287778886	0.0	393.1923291591949	51.231076009834936	256.62291547480874	0.0	373.35176733266684
PWY-4984	1742.4811554849455	0.0	11962.28017103607	0.0	237.5146075831036	745.6247717121975	5.005002790372848	1657.0833116539814	1420.578046052141	391.6112541212633	5568.894774491597	731.1549712278811	4564.787316531528	1270.0343818445251	1834.7770551081605
PWY-5005	484.1789915731917	0.0	1212.800850578179	0.0	0.0	80.58334141368397	0.0	0.0	116.12329899481509	33.17169526732063	0.0	216.97345538469673	454.9316725280727	307.0347833559142	515.5862543822665
PWY-5022	2935.101762302605	0.0	6704.58689706477	0.0	170.92812216096274	231.23028456190087	35.004431429969614	626.4736647514462	941.7352892517132	802.1716549030643	2845.6858613854783	516.8313241646323	2156.351373540343	1251.6596793209608	958.6582905284712
PWY-5028	961.1988565100576	0.0	303.0201401109128	0.0	0.0	1.8687501142119025	0.0	0.0	105.12944200591622	0.0	377.35319542014463	334.2050214728404	892.3187172793431	678.3828417730149	398.00219444374807
PWY-5088	0.0	0.0	36.08792459214801	0.0	0.0	0.0	0.0	0.0	0.0	0.0	0.3411110833019757	0.0	147.99657334617078	454.26073641039045	33.53100568177734
PWY-5097	11215.041039803187	0.0	21111.530654583094	0.0	516.2866128805363	1049.1490909328816	155.1736408158225	2463.5854488236882	2702.518837441095	3078.8595338856544	9493.388422397744	1954.6828536280816	9127.303168775177	6678.313136163363	3778.3052327204773
PWY-5100	14174.47163059945	240.6412507394774	28792.23074840186	1746.342371481174	776.2952101256952	1641.3692594601691	725.3369843926289	3924.841283313271	3932.701567501545	1754.091259697167	13486.445258420721	3313.5181443980173	12582.93426193073	8849.100919502374	5337.008736710121
PWY-5101	16851.530988934017	0.0	22540.827833947216	1863.494255115614	470.59361247480734	1218.5248196665327	565.847895158913	3060.175548803519	3289.6341187616526	4112.767558795617	10220.651516530042	2137.1329385186696	9583.170244576237	7958.052626309689	4519.141028191266
PWY-5103	12594.690779863147	64.72099335903474	17740.882023721722	1590.1700242911725	337.6950830414757	1002.5272322543686	518.1555220992618	2507.7010598453794	2639.1824324193653	3546.03626418203	8046.53148133583	1756.3575445174001	7552.29926594566	6311.599515296764	3499.3056445663688
PWY-5104	15319.619986792086	79.3455829537538	23633.339810083384	1555.13998206712	507.1251222977161	1281.3666308863378	514.1067643008088	3191.369644418041	3388.2846711495786	2069.5401137671	10785.064453246649	2294.1712751591554	10114.291206127127	8174.22444931556	4594.177752945721
PWY-5121	11108.925795493811	0.0	21568.49247760237	0.0	438.0470249070208	947.200979982187	532.7792832425415	2375.745826052343	2694.336920574656	2636.520539187044	8758.032213349461	2382.1124223887696	8725.350467479246	6902.607008015798	4063.2873050417256
PWY-5154	3400.731033443378	0.0	6380.024981004687	0.0	222.8811317676117	0.5457190043511639	0.0	212.29046578558527	769.6872316801883	817.6545016101129	4124.6954415725495	869.587045205224	4409.185387050864	3019.090444813501	1200.3954615054076
PWY-5177	3817.2893396677114	0.0	1400.339585601681	0.0	1.3540616349189014	0.197726823810464	0.0	0.0	0.0	0.0	972.9364009864228	167.0567787612491	860.9807300604849	626.1169563464214	245.86271449519424
PWY-5178	1051.1550562599832	0.0	64.11901688246148	0.0	0.0	0.0	0.0	0.0	0.0	1659.3739463547483	0.0	0.0	0.0	0.0	182.3884182686687
PWY-5179	0.0	0.0	0.00017588000287634953	0.0	0.0	0.0	0.0	0.0	0.0	0.0	0.0	0.0	0.0	0.0	0.0
PWY-5180	2714.4052207875	0.0	1902.192205177043	0.0	0.0	0.0	0.0	0.0	35.49239052735163	1981.684929507644	636.7695643847115	84.76042065054341	747.4021803479375	821.5835837092644	779.1785067243584
PWY-5181	223.39434371452452	0.0	24.45688928598617	0.0	0.0	0.0	0.0	0.0	0.0	2288.1768624491474	0.0	0.0	0.0	0.0	148.04280192930094
PWY-5182	2714.4052207875	0.0	1902.192205177043	0.0	0.0	0.0	0.0	0.0	35.49239052735163	1981.684929507644	636.7695643847115	84.76042065054341	747.4021803479375	821.5835837092644	779.1785067243584
PWY-5183	389.2649540782456	0.0	9.539999999999988e-14	0.0	0.0	0.0	0.0	0.0	0.0	1819.5091039731185	0.0	0.0	0.0	0.0	168.3510916336728
PWY-5184	0.0	0.0	6.4035871247908185	0.0	0.0	0.0	0.0	0.0	0.0	0.0	0.0	0.0	0.0	0.0	6.371115344760612
PWY-5188	4440.878756278088	0.0	15689.318185651857	0.0	294.80307659353684	836.9948863321677	228.24684115602813	1996.212882246512	1894.2654313664839	3149.3958775874976	6192.329507969491	1490.184801515554	5722.810993307404	3674.717319400577	2747.907990363858
PWY-5189	4167.503015872613	0.0	15213.591138693291	0.0	295.7218377619727	844.1876361746985	268.2740018025403	1959.9973435370314	1795.2492060606316	3176.482071804936	5914.15309217953	1368.5136161541723	5378.974039361408	3230.436120108024	2689.2813163059936
PWY-5198	0.0	0.0	0.010136878621149903	0.0	0.0	0.0	0.0	0.0	0.0	0.0	0.0	91.09090909090908	0.0	318.54561009610535	0.010071707342367212
PWY-5265	3368.7219210225794	0.0	8583.086677864163	0.0	427.0566476003809	0.650333574767592	457.93666443705143	653.3543091682651	0.0	1684.5846758420093	4561.084433546658	1140.5817352577083	3654.748034386833	3987.3741899487454	2253.4865375997356
PWY-5266	0.0	0.0	1298.2178505030406	0.0	0.0	0.0	0.0	0.0	0.0	0.0	0.0	0.0	0.0	0.0	613.548127442831
PWY-5273	0.0	0.0	1298.2178505030406	0.0	0.0	0.0	0.0	0.0	0.0	0.0	0.0	0.0	0.0	0.0	613.548127442831
PWY-5304	1030.828690082527	0.0	3762.414047964794	0.0	0.0	161.19982843292055	62.99607762476103	434.6374103586096	468.4991111263525	43.66885694703526	1241.783590299987	885.19327020159	2648.665949150672	2589.1700404328017	1319.7154790884667
PWY-5345	4320.662028713067	0.0	3748.61386837703	0.0	0.0	0.4208451828631308	9.484136566755478	0.0	669.1555717421965	3166.418434420784	2441.055803314181	1037.701525702582	4151.793406767755	3789.9170419287993	2132.0606636158536
PWY-5347	10149.645566230507	0.0	13373.571406560686	1300.952337700899	171.1005019667146	471.4622590125031	304.81697822065973	1538.0740441500989	2136.469696319188	1354.7764145218316	5319.9532550931635	1070.458243351126	4801.941340885425	4685.423378278798	3457.5005165363013
PWY-5384	8345.045017974233	63.503829151419474	10670.100270545701	1901.1298693688384	0.0	821.5394841487907	421.8037363965178	1841.6903240709116	1410.5159370284402	156.55693240832233	3731.9480030171235	930.7466098766455	3878.073567200452	1576.5592343825988	1957.7066008699987
PWY-5392	0.0	0.0	50.442537915549984	0.0	0.0	0.0	0.0	0.0	0.0	0.0	0.0	0.0	0.0	0.0	49.57235610722361
PWY-5415	2203.892200471801	0.0	1324.697874200012	0.0	0.0	0.0	0.0	0.0	22.115454327105255	1804.4410178587477	85.04339489105253	58.65858218588751	296.9433231384722	464.87419666638334	632.4656537311162
PWY-5417	1253.1620612302622	0.0	69.20069098682494	0.0	0.0	0.0	0.0	0.0	0.0	4360.843442758407	0.0	0.0	0.0	0.0	98.29110492417601
PWY-5419	229.15141369062957	0.0	401.0164565864209	0.0	0.0	0.0	0.0	0.0	0.0	194.73523299932162	7.0577705837131415	0.0	0.0	0.05553090826266524	390.42128015967944
PWY-5420	381.4735105389723	0.0	589.5557820241046	0.0	0.0	0.0	0.0	0.0	0.0	317.5778126194583	11.729151249591485	0.0	0.0	0.09717215416356656	482.492699404864
PWY-5430	478.9054988132538	0.0	74.04169542436365	0.0	0.0	0.0	0.0	0.0	0.0	424.27165311323046	0.0	0.0	0.0	0.0	205.38420055240883
PWY-5431	1253.1620612302622	0.0	69.20069098682494	0.0	0.0	0.0	0.0	0.0	0.0	4360.843442758407	0.0	0.0	0.0	0.0	98.29110492417601
PWY-5484	12706.182560587486	213.92130122210605	19086.607705057497	1810.0622621231087	567.0615201762427	598.006719585245	743.9181388014869	2163.845447768432	2914.928697253054	2344.525622557085	9023.618570211236	2413.5658005149057	8207.760225893968	7483.543711581643	4422.735647777482
PWY-5505	6845.624339981383	0.0	16795.80515047425	1284.2898195673818	175.32019964444055	1152.120611968483	84.45811567092522	2567.084426962782	2048.650618486471	4027.4520041657174	6111.886201680108	1335.1506835498576	5452.204934896998	2952.0074554491957	2596.2593479771003
PWY-5507	1924.5230359409857	0.0	511.74199383394154	0.0	0.0	0.0	0.0	0.0	0.0	0.0	73.48650378572539	0.0	733.1204650231759	1288.934373576367	1280.5356560542707
PWY-5509	8262.434487362181	0.0	15201.48547015757	0.0	362.8244321393247	833.8047899432974	375.7052086106349	2035.7611517068926	2129.6868053114677	2294.0039850960607	6720.866414838637	1348.930104043447	5724.736620977697	3964.820957851158	2385.0257755998814
PWY-5529	0.0	0.0	0.03873837743270767	0.0	0.0	0.0	0.0	0.0	0.0	0.0	0.0	0.0	0.0	0.0	413.8720650194168
PWY-5531	0.0	0.0	7.945007394402107	0.0	0.0	0.0	0.0	0.0	0.0	0.0	0.0	0.0	0.0	0.0	395.67923208363163
PWY-5532	0.43291753678193995	0.0	0.013373751553286047	0.0	0.0	0.0	0.0	0.0	0.0	0.0	0.0	83.49999999999999	0.0	241.37082338036723	50.94221051229911
PWY-5634	0.0	0.0	6.623647383527099e-07	0.0	0.0	0.0	0.0	0.0	0.0	0.0	0.0	0.0	0.0	0.0	0.0
PWY-5647	0.0	0.0	208.2605627012369	0.0	0.0	0.0	0.0	0.0	0.0	88.38561389411852	0.0	0.0	0.0	0.0	231.01292486642134
PWY-5651	0.0	0.0	324.36214313809285	0.0	0.0	0.0	0.0	0.0	0.0	123.19741723572096	0.0	0.0	0.0	0.0	223.01810782462385
PWY-5654	3.737254465151338e-05	0.0	250.30736504830142	0.0	0.0	0.0	0.0	0.0	0.0	90.88647721586543	0.0	0.0	0.0	0.03701870836329825	224.09280148756412
PWY-5655	0.0	0.0	343.7856626569405	0.0	0.0	0.0	0.0	0.0	0.0	0.0	0.0	0.0	0.0	0.0	250.8786284700755
PWY-5656	0.0	0.0	27.8862894331432	0.0	0.0	0.0	0.0	0.0	0.0	0.0	12.863451554855251	0.0	0.0	0.0	0.0
PWY-5659	8197.401513518233	204.86321634151653	21715.41071304936	1657.1623499919904	269.0086699049602	1281.3468830904426	330.5513930979012	3135.0240560182283	3486.8786365837186	489.09302125871335	9573.68703778279	1939.5699535757963	8613.515381433148	6387.524374460679	4056.6537243607727
PWY-5667	16392.592301646233	221.94285714285712	26423.445447238137	1682.662857142857	669.7601660956412	1323.6279496334814	883.3043213041921	3325.324555595382	3425.086889278432	4355.208747538388	12324.112645411697	2536.990292410618	11085.94668113424	7661.711961449473	4954.58911320908
PWY-5676	7752.876489558201	70.52792387140049	13357.00213617071	0.0	550.2514758296792	612.3572764985879	371.46837246794064	1906.1192316213646	1906.83978864234	1267.549546491323	7740.994435237938	1398.361092983042	6998.186795784514	5293.788381852125	2034.8293301214915
PWY-5677	2648.250512646457	0.0	3681.968846622003	0.0	182.72093999282825	91.92758309248755	254.9189114615406	248.37916909581153	534.3353555269305	545.4194535720906	1855.4420077581099	286.3492175759144	1606.2881979226865	1166.8186925014763	426.08665736063926
PWY-5679	0.0	0.0	1.4239853422944804	0.0	0.0	0.0	0.0	0.0	0.0	0.0	0.0	0.0	0.0	0.0	0.0
PWY-5686	15169.118373770658	109.22448425292062	22275.689886957727	1446.0620547438784	585.965542744527	935.3072561257632	804.2429762441627	2487.0085995030227	2989.8875981880283	4265.595691729077	10378.53174735991	2811.9277333098967	9993.410804975161	8516.721490012715	4802.691325501854
PWY-5695	10110.086774446227	203.14106394116953	22699.33779469629	0.0	586.1461305407648	1182.858917464672	629.199656298632	2807.303164375027	2499.4428382811334	1970.3120492924381	9773.832034995201	2211.935779962862	10159.415669975104	7293.061532956852	3595.164101263504
PWY-5705	1962.759028473696	46.92852370510785	3576.8625811656516	1372.3278891875132	207.18685924381427	63.121742457322355	0.0	81.47469792438206	181.35598275803514	220.25133312109548	1685.5940200810157	153.0201521698139	1470.778058128618	206.55656847796752	435.0037378373676
PWY-5737	0.0	0.0	0.029447218831493212	0.0	0.0	0.0	0.0	0.0	0.0	0.0	0.0	0.0	0.0	0.0	0.0
PWY-5741	0.0	0.0	0.0	0.0	0.0	0.0	0.0	0.0	0.0	0.0	0.0	0.0	0.0	0.0	350.08780200308854
PWY-5747	1306.439072901678	0.0	72.50419892545932	0.0	0.0	0.0	0.0	0.0	0.0	2379.47683947001	0.0	0.0	0.0	0.18473479949576618	363.84012688992266
PWY-5757	0.0	0.0	3.064475192325468e-06	0.0	0.0	0.0	0.0	0.0	0.0	0.0	0.0	0.0	0.0	0.0	0.0
PWY-5823	2.55826328528661	0.0	1.4449211633024768	0.0	0.0	0.0	0.0	0.0	0.0	0.0	0.0	0.0	0.0	15.779308417795914	2.1860483352474676
PWY-5837	440.44322856457603	0.0	607.5342359351191	0.0	0.0	20.4456074674748	0.0	56.10629481095209	86.59556150838037	319.11507194725147	214.14476219583557	30.024321366429294	383.6900777806182	372.65053989391254	166.92081424643283
PWY-5838	1141.9873215471669	0.0	1751.6203012899998	0.0	0.0	61.76555227750352	0.0	171.1354506311285	259.1920100895448	622.5916361904691	630.8043263460712	95.17953420872601	1056.6776588946807	960.4490643582204	462.73257386224714
PWY-5840	1158.7235232099306	0.0	1785.7905396838523	0.0	0.0	62.88798062001101	0.0	172.9020045179381	261.6855609395461	620.3363026612633	636.6812265749409	95.60644828713569	1067.517482397357	969.2751228414023	467.7384735311263
PWY-5845	941.0559762296526	0.0	1298.0330230911493	0.0	0.0	0.0	0.0	0.0	193.62071368535968	0.0	438.89919907981727	60.47466837725314	525.743296708574	615.2150044533257	329.19433131312206
PWY-5850	941.0559762296526	0.0	1298.0330230911493	0.0	0.0	0.0	0.0	0.0	193.62071368535968	0.0	438.89919907981727	60.47466837725314	525.743296708574	615.2150044533257	329.19433131312206
PWY-5855	2831.471282677906	0.0	1889.307981803512	0.0	97.5034762661648	0.029201154273508043	0.0	0.0	108.58363377884886	2953.3980249849546	1248.718729784492	102.24360707674535	1013.2454706362183	315.5149513648532	849.4825986363982
PWY-5856	2831.471282677906	0.0	1889.307981803512	0.0	97.5034762661648	0.029201154273508043	0.0	0.0	108.58363377884886	2953.3980249849546	1248.718729784492	102.24360707674535	1013.2454706362183	315.5149513648532	849.4825986363982
PWY-5857	2831.471282677906	0.0	1889.307981803512	0.0	97.5034762661648	0.029201154273508043	0.0	0.0	108.58363377884886	2953.3980249849546	1248.718729784492	102.24360707674535	1013.2454706362183	315.5149513648532	849.4825986363982
PWY-5860	683.5563973626987	0.0	900.2067473195095	0.0	0.0	0.0	0.0	0.0	133.73684175319116	0.0	300.8880676867576	41.038079401065694	362.7423683317534	433.77239216098104	230.3845588488423
PWY-5861	845.6783271316293	0.0	1232.1169566394815	0.0	0.0	42.525442719584284	0.0	118.05816077373855	181.2421100892553	447.5293178501957	437.8724116265679	65.25912010148392	755.7335594996778	699.8126242411722	330.51265397764274
PWY-5862	683.5563973626987	0.0	900.2067473195095	0.0	0.0	0.0	0.0	0.0	133.73684175319116	0.0	300.8880676867576	41.038079401065694	362.7423683317534	433.77239216098104	230.3845588488423
PWY-5863	500.88806072085043	0.0	691.622925479393	0.0	0.0	23.28612633445821	0.0	63.87746741798376	98.45040095237711	352.2607082291199	243.85050126217828	34.24057866086791	435.60676211725377	422.39906585837565	189.44776723389148
PWY-5896	941.0559762296526	0.0	1298.0330230911493	0.0	0.0	0.0	0.0	0.0	193.62071368535968	0.0	438.89919907981727	60.47466837725314	525.743296708574	615.2150044533257	329.19433131312206
PWY-5897	1048.1034479949851	0.0	1596.445617617607	0.0	0.0	55.91400229190759	0.0	153.71061583248638	233.24124289316538	581.6708938166211	568.0936984908062	84.54216026988135	961.936978928199	880.2091355201319	420.98384176550326
PWY-5898	1048.1034479949851	0.0	1596.445617617607	0.0	0.0	55.91400229190759	0.0	153.71061583248638	233.24124289316538	581.6708938166211	568.0936984908062	84.54216026988135	961.936978928199	880.2091355201319	420.98384176550326
PWY-5899	1048.1034479949851	0.0	1596.445617617607	0.0	0.0	55.91400229190759	0.0	153.71061583248638	233.24124289316538	581.6708938166211	568.0936984908062	84.54216026988135	961.936978928199	880.2091355201319	420.98384176550326
PWY-5910	5339.379240936915	0.0	2631.6444737924635	1461.3457059201241	0.0	3.043788121393199	305.6455501315114	0.0	322.69222760867433	159.86676802664772	1463.7994906570518	0.0	467.5842906300401	630.6969274857461	872.6979059132977
PWY-5913	7097.089183670068	0.0	10826.252020917507	102.3094005326119	33.96985595866033	716.7985335186922	404.47504350097205	1449.7529522291966	1184.315743587245	3267.5913525805468	4550.485224150304	1299.1146370846825	4720.572631100146	3461.878628635943	2378.389736369829
PWY-5918	3513.730318856798	0.0	4978.389373152887	0.0	0.0	0.3776706528371282	174.75922072123714	269.81236992096245	861.5299760330626	2949.8002261166966	2233.4882785375776	967.9605883950799	3092.61355684306	2386.1944270155045	1741.8893399768513
PWY-5920	2550.0472977370123	0.0	1556.744196619043	0.0	0.0	0.0	0.0	0.0	369.9468542155031	1375.393839808559	1133.7784776780559	772.5655458288757	2306.5895013648046	1852.4752627792052	1074.7816550351386
PWY-5940	0.0	0.0	6.25881595045295	0.0	0.0	0.0	0.0	0.0	0.0	0.0	0.0	0.0	0.0	0.0	0.0
PWY-5941	218.5925427180613	0.0	885.5208594894507	0.0	0.0	0.0	0.0	0.0	431.5518722160251	103.63446113812661	174.58732247201584	206.93456977159937	224.81086956661912	113.8591831758826	227.4253314977495
PWY-5971	9053.955032006112	0.0	907.6137190898338	0.0	0.0	0.0	0.0	0.0	0.0	3326.186091466663	1268.0135637016497	0.0	1303.661866975565	2806.9943363879647	1194.4025750472028
PWY-5973	15074.399266776125	0.0	22540.82573718393	1904.9964621960003	534.8042373081685	1001.4182423665768	658.338926333608	2383.992129699761	2531.0419365623593	2673.5381789564526	9891.52038796873	1911.7132871866654	10048.934148480932	7513.202295563699	3950.9142505250265
PWY-5989	6907.718147496241	0.0	578.9113508572163	0.0	0.0	0.0	0.0	0.0	0.0	3917.5181394418523	885.1146753407096	0.0	954.4770593975978	2195.513482781664	932.0283130181075
PWY-6071	821.722280502041	0.0	27.73393952764156	0.0	0.0	0.0	0.0	0.0	0.0	1831.18431780489	0.0	0.0	0.0	0.0	85.62272832409128
PWY-6107	0.01531322337788774	0.0	15.293463610360606	0.0	0.0	0.0	0.0	0.0	0.0	0.0	0.0	0.0	0.0	0.0	0.26873460319393755
PWY-6121	14782.326646904716	194.2	19707.236114402007	1443.8175465857894	473.42369078866574	858.1163675674057	783.4626494654473	2197.313216129015	2720.4162668641984	4127.906485933667	9488.496925897409	2053.369641622285	8968.396841830418	6710.503398999216	3626.374018248969
PWY-6122	14663.414990826652	194.2	19959.461117254086	1500.5621790763578	483.470983812491	859.9713226275397	787.0851671182969	2220.3211677177756	2763.150856597933	3825.9071879521985	9636.15859703015	2006.9391189878424	8956.467670284534	6747.513224904178	3617.793152422552
PWY-6123	13135.06124708518	146.31668358049095	17925.79730979259	1375.842500197497	316.33856355186475	866.3018914627947	705.673535766785	2148.44638081136	2461.814682731874	3517.2103227532543	8127.277554207843	1753.0864861213884	7483.854315643511	5735.08357068013	3318.957852066817
PWY-6125	9208.98287842224	0.0	19219.120670839508	173.1621005938266	445.5345765408134	792.8361239351161	583.9564108498381	2289.638314140133	2577.2415216490376	3608.2751380118752	8568.818086146523	2019.6401380981054	8315.80433636567	6357.765957572249	3757.1980222118877
PWY-6126	15045.315267592048	0.0	22906.65727584799	175.25060679042465	362.6018102923625	1160.7726975976739	746.6686493553865	2940.3870844221256	3357.137472440276	3626.95334966177	9858.823207573718	2368.5061294355796	9130.648346714528	7531.402404587528	4640.308154202377
PWY-6142	0.0	0.0	210.86836342722563	0.0	0.0	0.0	0.0	0.0	0.0	0.0	0.0	0.0	511.7332517296884	1505.9273171485065	34.3446321793996
PWY-6143	0.0	0.0	32.11122239785966	0.0	0.0	0.0	0.0	0.0	0.0	0.0	0.0	0.0	0.0	7.664953186836382	0.0
PWY-6145	0.0	0.0	2.9266793189349914e-06	0.0	0.0	0.0	0.0	0.0	0.0	0.0	0.0	0.0	0.0	0.0022611017084050744	0.0
PWY-6147	7303.49603396941	0.0	15472.984111850428	1254.1169030390731	304.2981433980682	829.6924721706611	506.5543146293799	1894.7337701816828	1652.4411705818272	3477.8637788618753	7240.077802100312	1477.1271796675305	7267.651312245646	4775.919782958166	3143.795695163048
PWY-6148	0.0	0.0	1.0737450959999546e-09	0.0	0.0	0.0	0.0	0.0	0.0	0.0	0.0	94.61078943883314	0.0	287.0475858115959	0.0
PWY-6151	10343.859116216776	0.0	14172.962700414208	1666.9445750718385	288.3695176284654	903.7909559363288	595.2113913076336	2162.349080839906	1638.018898597689	3426.3357294035754	5661.784038021745	1021.3062137621645	4627.459659209332	2778.134671225905	2539.828077060708
PWY-6163	12724.368888566165	0.0	19144.74364298758	1254.1169030390731	471.1270357255409	947.8467826895874	771.7256072184691	2246.405919757588	2340.013261205232	4017.2273122735965	8703.174551700467	1692.4446506689274	8222.47104012525	5905.755870964944	3094.353534722761
PWY-6165	0.0	0.0	42.477395475204716	0.0	0.0	0.0	0.0	0.0	0.0	0.0	117.89375846928831	244.3121061137357	0.0	540.576855526202	0.0
PWY-6174	0.0	0.0	4.0370286800396914e-06	0.0	0.0	0.0	0.0	0.0	0.0	0.0	0.0	0.0	0.0	247.3348997061724	0.0
PWY-6182	1015.6462728574836	0.0	79.33136669944638	0.0	0.0	0.0	0.0	0.0	0.0	2992.8366924736483	0.0	0.0	0.0	0.0	111.76980340416127
PWY-6185	967.2365201109122	0.0	14.628062648266953	0.0	0.0	0.0	0.0	0.0	0.0	1965.467222396729	0.0	0.0	0.0	0.0	92.63259567418781
PWY-621	13862.992741600998	128.67044895312782	28432.450001737136	4797.69952338517	161.98283418149342	2142.167332129058	496.51885588000687	4957.741381962715	3880.358903358695	457.3527958033519	11217.314353474016	1527.4830827134424	8973.805674160722	2794.7733289185203	4435.472589478313
PWY-6210	0.0	0.0	178.76726100454047	0.0	0.0	0.0	0.0	0.0	0.0	0.0	0.0	0.0	0.0	0.0	159.12031450057597
PWY-6263	816.1739311085175	0.0	4156.278507267335	0.0	0.0	0.3399031861407009	0.0	0.0	0.0	0.0	2158.8103208452862	346.18100117573005	2304.9206808723893	2109.203360705552	673.7192348644152
PWY-6269	8358.45824621071	0.0	15209.90878150122	0.0	364.08167318829965	832.0337904150618	376.18572712222874	2033.515052371248	2139.7132661275427	2374.020914555569	6741.973477705231	1353.2425621050686	5738.861178256177	3970.88527924526	2373.7314377264397
PWY-6277	14663.414990826652	194.2	19959.461117254086	1500.5621790763578	483.470983812491	859.9713226275397	787.0851671182969	2220.3211677177756	2763.150856597933	3825.9071879521985	9636.15859703015	2006.9391189878424	8956.467670284534	6747.513224904178	3617.793152422552
PWY-6282	7136.320783696151	0.0	578.6065757793999	0.0	0.0	0.0	0.0	0.0	0.0	3894.454713816518	882.4907438377635	0.0	949.5753031755521	2143.0309539460914	917.6929059302907
PWY-6317	12381.651092403567	0.0	15965.789804950175	2775.3398472152985	96.75348835915663	888.8156555453091	536.3668377934794	2056.4831911084725	2480.6929656904554	503.5857976564741	5599.066747033717	2193.4126004673085	6459.44741154386	5401.933542420676	3160.010728673344
PWY-6338	242.3739297316319	0.0	115.53227425426424	0.0	0.0	0.0	0.0	0.0	0.0	0.0	0.0	0.0	0.0	0.0	146.27910513859177
PWY-6339	452.29774092872105	0.0	390.41660397523157	0.0	0.0	0.0	0.0	0.0	0.0	0.0	0.0	0.0	0.0	0.0	253.29941852543607
PWY-6349	0.0	0.0	0.0	0.0	0.0	0.0	0.0	0.0	0.0	0.0	0.0	117.11218077188957	0.0	213.55923187525445	0.0
PWY-6350	0.0	0.0	0.0	0.0	0.0	0.0	0.0	0.0	0.0	0.0	0.0	119.28737876047389	0.0	191.9602343356852	0.0
PWY-6353	8135.491563867474	0.0	16140.11343081999	0.0	516.5637391796315	433.2013555340955	65.30944262203599	1251.0605776642005	2065.4997368377617	0.0	8196.396934968148	1116.864300659801	7715.9671944639995	5123.559359244362	3083.7006283228407
PWY-6383	610.2549171533091	0.0	1767.9901019703998	0.0	0.0	0.0	0.0	0.0	0.0	0.0	31.50661360132528	0.0	0.0	0.0	0.0
PWY-6385	14709.251605761923	204.42105263157893	22436.040527695277	1661.8101478618885	662.5194537407086	964.7667213091926	812.1316117399838	2440.4160176621526	2744.831937433341	3719.6179140695094	10090.71822935833	2268.5958401496255	9662.187395247176	7321.43592697751	4185.351298840678
PWY-6386	14742.825151216395	194.2	22613.80430921484	1606.1781818181819	634.882816202409	973.7806684653808	839.8446975217425	2466.800622731079	2788.7307576895037	3761.8897674178033	10236.69625497396	2339.7378841446002	9771.742218745721	7421.420015821451	4251.000182520285
PWY-6387	14977.852076595069	207.14666666666665	23281.70179073082	1717.0538109653594	669.4410749406305	999.5010857716155	823.4032594508717	2574.3473561226174	2888.3855417153404	3743.922556748753	10671.951690159902	2435.167348110857	10167.435790542255	7863.595020944177	4406.382147062776
PWY-6396	2358.564478479632	0.0	2035.92130839039	0.0	2.6605559667572694	0.06548033939635294	0.0	0.0	697.8621372446798	348.6965240430563	762.1694107795736	0.0	602.8201064198688	105.49278223494876	153.87785022881172
PWY-6467	2535.968881114255	0.0	1515.9562944052373	0.0	0.0	0.714896210379779	101.59870668652576	0.0	140.0	2371.0	1008.1160202462664	502.0	2405.217624365004	1961.1821384315992	1116.7008129700882
PWY-6470	7686.110392725521	0.0	4171.050592278561	395.6176390824583	172.60586322024628	0.44131028426142055	367.3421529824052	347.1842851568313	0.0	1552.6192298964668	2647.1762161200054	414.8713194094273	1609.8469691287262	659.1100018878969	1332.282634863221
PWY-6471	11354.201799715944	206.17470313596007	11039.616719015341	1626.1660746087632	283.14575101465834	0.6512871672675948	703.4723896672632	846.0407198410591	1189.010092937443	2639.4739774078844	5433.8240497625375	1460.0764496511706	5007.369789273094	2168.3518495688454	1950.0980321602574
PWY-6478	995.2980468638423	0.0	839.5090345963644	0.0	0.0	0.3563787948272148	0.0	3.437954964768403e-05	89.2198662469461	0.0	475.8989641734202	177.52143902087772	955.2770083837951	823.885344112221	251.31127657002776
PWY-6505	0.0	0.0	343.7856626569405	0.0	0.0	0.0	0.0	0.0	0.0	139.37711855334672	0.0	0.0	0.0	0.0	250.8786284700755
PWY-6507	5357.60105448511	0.0	6322.437350682511	1579.8926525564154	0.0	307.8395175690574	38.45782907559524	842.4604062353178	1001.0579240117477	29.606556101187575	2186.9719883022585	1073.87069355771	3337.4428417315967	2471.3473056879866	1442.7643983077376
PWY-6519	4687.860364457885	0.0	788.6712468580221	0.0	0.0	0.0	0.0	0.0	0.0	3381.9981013399793	703.286665551282	0.0	1023.8530492724744	1247.3780135218237	826.2254603419411
PWY-6545	6805.870578601802	0.0	12018.642354888945	0.0	375.6001577345282	425.55840968826743	361.994145353532	1310.6962641031198	1724.886608804124	1683.6975271699737	6219.991642861907	1190.5982439294462	5435.1043091036945	3765.2969942113673	2112.274696261833
PWY-6562	2568.290508517965	0.0	2317.241084335714	0.0	0.0	0.0	0.0	0.0	0.0	274.6879371899919	164.232506239432	0.0	252.81046102203206	99.42507445473863	42.994340258857434
PWY-6572	797.4562074204565	0.0	92.87182389658615	0.0	0.0	0.24732589868259763	0.0	0.0	0.0	0.0	11.510254936866517	0.0	204.40360474006314	72.88960807142163	1.806559448958245
PWY-6581	0.0	0.0	0.0	0.0	0.0	0.0	0.0	0.0	0.0	0.0	0.0	0.0	0.0	0.0	172.3999939653116
PWY-6588	4070.158349514345	0.0	17060.813658270054	373.7318259149057	487.04484647779094	687.8273238103433	181.34777900568824	1544.4776730719545	1713.7628025875754	1259.0344470632715	7164.607915476985	1621.375406564886	7130.08611992638	5265.644409010753	1829.8259231701782
PWY-6590	3986.678500090001	0.0	4061.5313433676274	0.0	3.0502668649333837	0.509952105179727	0.0	3.8456560992158986	0.0	159.90597205462774	2686.9694195472202	579.9366309616026	2304.7686520973125	1599.487971635668	2018.3668153895876
PWY-6608	7280.396891966395	180.62803135207918	16942.078235677945	0.0	496.79888364548117	796.6056049279288	40.25733530455542	1706.838130246668	2013.160259812761	1857.3029877470644	8884.950907064396	799.0770159798324	8076.067105877415	4329.562657924074	3086.3332863262817
PWY-6609	16556.870955496623	215.13480855783644	34111.6076699256	2917.751331924832	823.245494297787	1743.8820137024536	932.6781399214766	4178.344180910828	4389.794787464828	1885.0495155124038	14183.560787967326	3306.0835998660095	13470.045782560632	8414.06488475891	5870.064470115612
PWY-6612	9575.726528881467	0.0	16815.424229646025	1569.1311489575494	202.89891513144897	844.9982214915804	659.3948811491754	2065.926144151621	2002.876444594254	3711.4178245090175	7559.492844881215	1759.390805541386	7420.017566180778	4928.441030419538	3241.9434346443704
PWY-6628	9337.64178564579	0.0	6511.926196612315	0.0	323.18225491085417	498.0921955872204	0.0	763.4098438607784	659.1570379209512	3659.904019645984	3848.315638537339	1038.9969383442133	2531.712565332426	3027.1824862098247	2692.711068685917
PWY-6629	1799.645037477982	0.0	0.0	0.0	0.0	0.0	0.0	0.0	0.0	0.0	0.0	0.0	0.0	0.0	0.0
PWY-6630	9100.109513660602	0.0	6496.202558500494	0.0	307.6636999509713	496.0787417760735	0.0	760.4493078289692	658.3005235928944	2278.729696876956	3818.801202202534	1031.0285245472244	2520.900781504322	2994.5547170878276	2672.487855350525
PWY-6641	176.5076543055726	0.0	94.44083320836437	0.0	0.0	0.0	0.0	0.0	0.0	0.0	0.0	189.63013077779905	0.0	246.29113384574825	124.03621278719518
PWY-6654	0.0	0.0	117.41891731833299	0.0	0.0	0.0	0.0	0.0	0.0	0.0	32.93593027185813	158.2129551815892	0.0	266.73885645316994	0.0
PWY-6690	1483.94423399979	0.0	133.75075779274792	0.0	0.0	0.0	0.0	0.0	0.0	1126.5986818339202	0.0	0.0	0.0	0.0	238.38931840119804
PWY-6700	8983.427754631433	0.0	10571.849187120246	1445.173169441053	488.31414950989574	603.6263383894739	662.9375289694161	1448.6829330372616	1708.8122196428262	3311.123014096151	6385.639611016798	1185.312277028524	6621.102997898342	5333.541296447115	2229.246626859472
PWY-6703	7178.902416240093	0.0	8306.528792815152	1254.1169030390731	0.0	361.0981085912151	511.26781393977876	1036.0989336018558	1019.7289520826733	3016.0130172357394	3721.9012931459697	970.6160978828693	3962.3555092203137	2898.7748286573337	1682.7343640472473
PWY-6708	2831.471282677906	0.0	1889.307981803512	0.0	97.5034762661648	0.029201154273508043	0.0	0.0	108.58363377884886	2953.3980249849546	1248.718729784492	102.24360707674535	1013.2454706362183	315.5149513648532	849.4825986363982
PWY-6713	0.0	0.0	1.0743092590134338	0.0	0.0	0.0	0.0	0.0	0.0	0.0	0.0	0.0	0.0	0.0	0.9706178600906146
PWY-6728	0.0	0.0	80.131656623191	0.0	0.0	0.0	0.0	0.0	0.0	0.0	0.0	0.0	0.0	0.5852295580802561	587.6922940208052
PWY-6731	9.513684203750119	0.0	6.510831737097551	0.0	0.0	0.0	0.0	0.0	0.0	0.0	0.9052182606805917	0.0	0.6000760032925624	0.31058180506353816	6.465641774839535
PWY-6737	14305.091917175088	0.0	21827.932799382656	151.4810098890661	482.4381562995304	1065.0942389183626	643.272277956077	2698.229960133006	3184.395879240385	445.6270353209544	9334.84913011872	2978.038257638304	10503.972267243205	8842.041293949218	5143.001106502991
PWY-6749	3707.625611111543	0.0	2875.5410488507814	0.0	42.513551841580366	142.41289310092932	0.0	517.5135065231013	639.0434550853244	63.138391588860095	1416.6630141371247	268.6579612367965	1514.204624091527	1470.6852714581548	442.67598007808067
PWY-6876	0.0	0.0	8496.844716753034	0.0	15.695681729699043	687.8273238103433	0.0	1544.4776730719545	1017.0324296968746	1259.0344470632715	3180.822784639996	511.3770758783711	2171.750598942932	228.30343524448352	977.594738094121
PWY-6891	3078.152648188763	0.0	9420.653526340182	0.0	151.85699057128258	359.1800403743139	0.0	1327.556197586633	1555.223799705944	297.9091996333623	4234.87694093063	1556.866837145855	3958.5705045836685	4724.347148134189	2428.302192542811
PWY-6892	5934.198891772434	241.0758620689655	14412.667906272383	0.0	513.9765587010941	488.6053071109974	178.04712217593453	1994.8255820692166	2267.590701929644	1325.2329301370867	7046.834596522661	2382.1243833825765	6452.533899746424	7102.071551715747	3843.180629066105
PWY-6895	4633.294660121797	0.0	6402.967790359214	0.0	0.0	0.2833271018936011	0.0	235.48720607680693	864.6593054128214	1039.2796545373917	3605.5879108137915	1255.9615935055115	4883.775565356174	4923.346585494298	1916.804672838505
PWY-6897	10032.919054813865	170.1086016693082	17666.161104076968	1227.4519030390736	530.546925535389	881.0116968074209	533.5907375457922	2226.7241238635715	2072.2409921053486	3152.2127452618643	8056.094240025214	1940.8903963919342	7409.046030988526	5779.024601206781	3496.5363867151873
PWY-6901	8751.34835633231	0.0	10195.6162344316	739.4345547527495	0.0	30.19884037855058	164.49852024436396	511.59947361359946	1824.5850276530787	35.265359414674755	4236.733059281139	1631.285855208327	5240.818732520552	4324.475495938249	3023.566550382063
PWY-6906	0.0	0.0	1.7471861741274346	0.0	0.0	0.0	0.0	0.0	0.0	0.0	0.0	0.0	0.0	0.0	3.1303286974996354
PWY-6915	0.0	0.0	49.20508216996376	0.0	0.0	0.0	0.0	0.0	0.0	0.0	0.0	0.0	0.0	0.0	0.0
PWY-6919	0.0	0.0	359.1624479945824	0.0	0.0	0.0	0.0	0.0	0.0	0.0	0.0	0.0	0.0	0.0	0.0
PWY-6942	0.0	0.0	154.6299330189815	0.0	0.0	0.0	0.0	0.0	0.0	0.0	0.0	0.0	0.0	0.0	0.0
PWY-6944	138.43631365040198	0.0	1.7252792400611203	0.0	0.0	0.0	0.0	0.0	0.0	0.0	0.0	0.0	0.0	0.0	0.0
PWY-6948	0.0	0.0	5.4653107075574685e-05	0.0	0.0	0.0	0.0	0.0	0.0	0.0	0.0	0.0	0.0	0.0	5.4305718966243456e-05
PWY-6957	0.0	0.0	0.0	0.0	0.0	0.0	0.0	0.0	0.0	0.0	0.0	0.0	0.0	0.0	0.9173555539018575
PWY-6969	9268.935989184662	0.0	6011.597984465741	0.0	0.0	1.457988281325213	0.0	276.1585617032755	966.0896362471882	3929.032524996129	2994.5350025850103	1041.7955707739027	4361.266295884637	4301.981110885084	1941.4129344229555
PWY-6975	0.0	0.0	1.27099999512113e-12	0.0	0.0	0.0	0.0	0.0	0.0	0.0	0.0	0.0	0.0	0.0	0.0
PWY-6977	0.0	0.0	2.7961999892664496e-12	0.0	0.0	0.0	0.0	0.0	0.0	0.0	0.0	0.0	0.0	0.0	0.0
PWY-6992	0.0	0.0	0.0	0.0	0.0	0.0	0.0	0.0	0.0	0.0	0.0	0.0	0.0	0.0	0.2255640833945691
PWY-7003	3708.4354955621743	0.0	9398.569495416485	0.0	0.0	532.2177317307111	81.51370281671774	876.3632586776483	1454.0454201543912	487.4694586531489	1270.4021415117327	737.5636258972061	1890.0981987930609	280.34335062944535	1485.8460988105387
PWY-7007	339.9414675864242	0.0	643.5413743984336	0.0	0.0	0.0	0.0	0.0	0.0	57.76062353707043	0.0	0.0	0.0	0.0	40.98361736082761
PWY-7013	1388.0484060194005	0.0	5796.341170546271	0.0	429.16183676213103	149.16832537974392	0.0	682.7952451604466	480.1952525626774	0.0	3968.317337882486	609.6488569470429	3047.4658380086994	1945.022009137881	893.7826806378499
PWY-7014	0.0	0.0	0.13183909156451326	0.0	0.0	0.0	0.0	0.0	0.0	0.0	0.0	0.0	0.0	0.0	0.05093734534258617
PWY-7015	0.0	0.0	0.04406894544674357	0.0	0.0	0.0	0.0	0.0	0.0	0.0	0.0	0.0	0.0	0.0	0.0437888350042631
PWY-7016	0.0	0.0	1.5020599997440168e-11	0.0	0.0	0.0	0.0	0.0	0.0	0.0	0.0	0.0	0.0	0.0	0.0
PWY-7019	0.0	0.0	0.07773892314544117	0.0	0.0	0.0	0.0	0.0	0.0	0.0	0.0	0.0	0.0	0.0	0.06114029024952579
PWY-7020	0.0	0.0	0.06752587023206673	0.0	0.0	0.0	0.0	0.0	0.0	0.0	0.0	0.0	0.0	0.0	0.051917289441185885
PWY-7021	0.0	0.0	5.2572099964137335e-11	0.0	0.0	0.0	0.0	0.0	0.0	0.0	0.0	0.0	0.0	0.0	0.0
PWY-7022	0.0	0.0	0.08811165635419616	0.0	0.0	0.0	0.0	0.0	0.0	0.0	0.0	0.0	0.0	0.0	0.05093734534258617
PWY-7031	0.0	0.0	49.95911827849257	0.0	0.0	0.0	0.0	0.0	0.0	0.0	0.0	0.0	0.0	0.20350762983504972	0.0
PWY-7046	0.0	0.0	5.840927033981391e-08	0.0	0.0	0.0	0.0	0.0	0.0	0.0	0.0	0.0	0.0	0.06202383605000231	0.0
PWY-7090	2.4268979021771595	0.0	1910.9529950576507	0.0	0.0	0.0	0.0	0.0	243.81441678342176	313.2816242358699	1128.4967502332056	483.2488570699145	1907.2804630482972	1211.8967450359896	576.2513921301054
PWY-7094	3778.828376207067	0.0	1826.1865191623426	0.0	0.0	0.17002642181152133	0.0	0.0	0.0	4691.074758931087	1258.01065273684	256.3918136799163	1121.054206179826	917.1070263879467	1004.8805633580541
PWY-7097	242.3739297316319	0.0	115.53227425426427	0.0	0.0	0.0	0.0	0.0	0.0	0.0	0.0	0.0	0.0	0.0	146.27910513859177
PWY-7098	268.4067459282569	0.0	118.33265145905094	0.0	0.0	0.0	0.0	0.0	0.0	0.0	0.0	0.0	0.0	0.0	161.89187287710982
PWY-7106	0.0	0.0	0.05676328905169255	0.0	0.0	0.0	0.0	0.0	0.0	0.0	0.0	0.0	0.0	0.0	0.0
PWY-7110	0.0	0.0	0.0003646455827784365	0.0	0.0	0.0	0.0	0.0	0.0	0.0	0.0	0.0	0.0	0.0	0.0
PWY-7111	19274.91909340597	66.5701645978643	21668.308829620386	1896.5459118129593	486.0771666435997	1135.2294783673779	557.4020409940864	2811.8767117780026	3190.0377635046398	5613.991333849487	9121.90608052173	2096.5762320966082	8650.017205191234	7513.0803722562205	4586.054213112367
PWY-7159	0.0	0.0	7.945007394402107	0.0	0.0	0.0	0.0	0.0	0.0	0.0	0.0	0.0	0.0	0.0	395.67923208363163
PWY-7184	7143.178303555403	0.0	15415.19518658344	116.25963961332062	367.7729862132938	615.3839185234388	496.4856969619986	1861.3314087614217	2086.4585012532307	3420.7162690500104	6959.35496706959	1631.0700947698965	6857.2711344810605	5387.991717617436	3005.0508657776277
PWY-7185	0.0	0.0	0.0	0.0	0.0	0.0	0.0	0.0	0.0	0.0	0.0	0.0	0.0	0.0	2.2507766878141464e-05
PWY-7187	8720.515753091082	0.0	17356.661252540656	233.86031166106662	415.60997275075727	737.5243768518478	558.4843378630993	2152.1718891889946	2350.11689653536	2482.1159806546652	7859.861454296815	1951.4139985189688	7429.281751155433	5910.744333759158	3441.593764047743
PWY-7196	9134.095161934087	0.0	18494.78854840886	162.77189963921325	448.66143980036594	753.01572792101	587.6645980145294	2142.7553096064753	2383.0879494413743	2476.952782660975	8456.625644354355	1773.7882299895603	8427.775959451239	6114.19185212239	3361.154692911643
PWY-7197	6757.321757735187	0.0	14385.137930200759	102.93166092051965	345.36549922252357	543.6105762097053	456.3829318816214	1640.3707505630716	1909.161473577964	3186.118382399037	6516.598439594484	1479.0358560371228	6390.583421601117	4993.256199821601	2724.3050644286604
PWY-7198	1413.7182591262915	0.0	9006.13639640772	0.0	322.83971929632236	380.3357394920113	0.0	1177.3115153700298	847.5516297470963	0.0	4803.099680990893	612.2648418793517	4123.9652932179615	3379.8640974228038	1197.6845419987235
PWY-7199	9640.953313424136	140.1738973778187	20795.27783512933	1476.3481967490584	498.44326918550405	1021.1865894711865	508.71467456302577	2509.222512282183	2538.7936202747487	1122.9170370139552	9223.074315197719	2657.152409758452	9026.001578922738	6543.016978158801	4192.560865854273
PWY-7200	7705.418192806899	0.0	16199.178760782828	171.23282252682233	386.9220311231532	665.3915101929416	486.8596986761802	1875.964194647428	2070.076557846958	1652.7901672052012	7277.6393426095465	1789.7087003494566	7139.222423958502	5341.807479541915	3125.9920414028397
PWY-7208	15329.584951367306	0.0	24128.11910738445	1759.058871182264	685.419700793187	1083.6203138115177	904.5746852821746	2848.5459657722085	3220.2283191971546	4143.9052132990255	11480.715653234009	1913.5268142269658	10519.902722804605	7615.9633890332325	4268.691902450235
PWY-7210	1848.8558837917085	0.0	10297.18069213034	0.0	379.71046058455624	419.6820595254838	0.0	1299.4344504413725	1032.4911922595697	0.0	5299.060831703616	737.1330674157704	4656.331466659944	3740.6462258740594	1445.2216321571068
PWY-7211	6369.860521964445	0.0	13465.207422850504	0.0	409.90596398375106	562.7105558574144	0.0	1671.9028040158018	1447.753765873116	3568.5835290073724	6749.031397598779	1079.2623705540839	6120.885596811987	4950.943858801955	2077.4167975651762
PWY-7219	14991.59509507539	0.0	21932.819131311604	1717.1292984717804	324.82417471634517	1047.6803907895937	740.4018566886268	2778.9000976460934	3253.3801277492516	3788.826385772189	9724.64558876773	2316.9194192621167	9320.461242409192	7811.477694115764	4427.759871724918
PWY-722	54.842762998587645	0.0	0.0806684249411238	0.0	0.0	0.0	0.0	0.0	0.0	0.0	0.0	0.0	0.0	0.0	321.2806567637138
PWY-7220	16765.922644307582	233.04	33457.86081111822	1889.696468349404	687.5565721745156	1894.4185055902715	847.3651390205392	4549.621719097962	4474.509950311428	3449.999707912385	13417.11776665742	3230.0245723452044	11406.951300210572	8285.112361653202	6589.631547333347
PWY-7221	14661.99353526634	194.2	23838.64397871463	1485.3098867804756	655.0604507816955	965.0821513471562	766.2872445081083	2696.7589266142995	3279.462775125663	4052.8998472040475	11038.750197632675	2990.665125035097	10508.503718393193	8432.3746311078	5067.487209239795
PWY-7222	16765.922644307582	233.04	33457.86081111822	1889.696468349404	687.5565721745156	1894.4185055902715	847.3651390205392	4549.621719097962	4474.509950311428	3449.999707912385	13417.11776665742	3230.0245723452044	11406.951300210572	8285.112361653202	6589.631547333347
PWY-7228	8673.898350222014	0.0	18018.594210767435	150.96103881928903	424.4116638867703	719.0889470333007	563.8816715115369	2116.7651921912307	2429.038200573497	3793.636671636289	8126.497975032624	1928.4795222327812	8025.403911038318	6239.573240003788	3548.060112912283
PWY-7229	15854.83875999386	0.0	24658.245580615836	283.1306723305109	397.26190579488133	1235.8998078612785	789.491146987093	3146.8412985081486	3585.4153756106825	3817.7525998637293	10670.280587119007	2589.411610982622	9855.804556139099	8070.468996534526	5026.380638103168
PWY-7234	9998.47101414217	0.0	4242.769096809725	1375.842500197497	47.21883862504357	53.20575345089463	526.5606023371964	64.10749013668979	97.51970665347831	3250.268120792753	987.7431742320291	421.985375546534	812.8726442321812	1443.0584046268298	1681.6963664686355
PWY-7237	1796.863789675279	58.24889402313125	9106.497321384211	0.0	734.1767767970352	138.2842169060932	0.0	1096.3267701928776	1926.5184517071627	219.2834691370315	5742.347028148043	1451.3981770995954	4357.024480310338	4863.588557427448	2093.2076341095244
PWY-7242	9629.769643421905	164.47889725985073	11419.132665837917	2114.947081160242	197.20343431552527	518.3211137512575	50.53352007606724	1487.1636373542378	1924.7250236704615	253.37227786229678	4270.311503063907	1471.7766490265974	5242.6768515032945	4431.695592020928	2241.6448696984794
PWY-7254	5467.4521367752905	0.0	4942.850435037798	0.0	0.0	4.703854109352832	0.0	280.0252441261139	663.8064030466035	3823.236928162138	3104.860064419572	373.2295910949834	2959.0240555874425	1941.10999058572	1164.6410511476656
PWY-7255	556.8027508660766	0.0	909.5370467787436	0.0	0.0	0.0	0.0	0.0	0.0	0.0	0.0	0.0	106.52923280328814	43.44426720445876	0.0
PWY-7286	0.0	0.0	0.0	0.0	0.0	0.0	0.0	0.0	0.0	0.0	0.0	110.2228566437706	0.0	181.21199536410876	0.0
PWY-7287	0.0	0.0	0.8974163765239688	0.0	0.0	0.0	0.0	0.0	0.0	0.0	0.0	0.0	0.0	0.0	0.0
PWY-7315	3510.7835474917606	0.0	1428.6753323627663	0.0	64.5790329228574	6.765209008419633	0.0	123.79227993082294	536.195977200835	143.78952618078168	2277.50551560075	401.8482575416	2146.4702265227997	1548.9937607053928	111.08447893975209
PWY-7316	0.0	0.0	293.8478532311364	0.0	0.0	0.0	0.0	0.0	0.0	0.0	0.0	0.0	0.0	0.0	0.0
PWY-7323	5295.559015057967	0.0	7477.106406745916	0.0	116.00536639524516	121.1274876780797	215.6024932673844	339.4902144056291	926.7731979211942	184.50030586601991	4718.29385081545	1594.4278584620347	5952.084238234163	4971.590706151345	1848.6156625022327
PWY-7328	2440.642177060073	0.0	6188.63146933207	0.0	158.238817388957	246.56803334575878	21.37266733301134	826.8668981719263	648.0772860374282	66.1642641368779	2976.112544979658	655.870214380252	3482.3491319507634	3294.3531861966003	1485.0843865602212
PWY-7332	609.4187964389844	0.0	12335.997482421044	0.0	23.934497462037374	523.7204765168492	0.0	1373.8816280153	1591.2330373307436	436.5179749641005	4182.947587473709	1264.8645662865601	4986.572979420311	3387.676822577906	2018.502743282703
PWY-7347	0.0	0.0	51.14406177284569	0.0	0.0	0.0	0.0	0.0	0.0	0.0	0.0	0.0	119.94922100776188	162.77682047808824	36.3730953489394
PWY-7352	0.0	0.0	1.1924946653919425e-06	0.0	0.0	0.0	0.0	0.0	0.0	0.0	0.0	0.0	0.0	0.0	0.0
PWY-7354	0.0	0.0	0.023611679365434596	0.0	0.0	0.0	0.0	0.0	0.0	0.0	0.0	0.0	0.0	0.0	0.0
PWY-7371	316.0	0.0	2061.0789634925686	0.0	0.0	0.11336141898279539	0.0	0.0	0.0	0.0	1061.3825391495704	146.0	1111.8267500086286	1085.5701123828173	286.04405971216977
PWY-7373	0.0	0.0	240.21307361793956	0.0	0.0	0.0	0.0	0.0	0.0	0.0	0.0	0.0	0.0	48.30070464436969	1.3074752274042356
PWY-7374	316.0	0.0	1931.917604375633	0.0	0.0	0.1133614189827954	0.0	0.0	0.0	0.0	803.1446318762167	148.18223014763367	1072.0361340647685	977.1773971529195	266.76962777888036
PWY-7376	1112.8530152177634	0.0	517.078066170657	0.0	0.0	0.0	0.0	0.0	0.0	0.0	0.0	0.0	0.0	0.0	232.97830263846612
PWY-7377	2994.362579156016	0.0	12121.40793657368	0.0	349.30456625381066	708.5938907084786	241.3204926621311	1639.5717401063864	1335.2794308084926	887.932279621223	5431.556576067549	929.9431495965264	4469.1802365797685	2745.9591070730644	1808.7530804529774
PWY-7391	0.0	0.0	345.57131419646913	0.0	0.0	0.3434879541509413	0.0	0.0	0.0	0.0	0.0	0.0	0.0	323.3151847168089	4.655830756110895
PWY-7392	10201.443088098193	0.0	18502.35592054319	0.0	272.80999050260874	848.5637914938277	403.02511800873503	2061.0293974689334	2187.323330758216	1956.2171765897879	8136.343257008124	1922.5466650843507	7810.380965073539	4511.997284190641	3460.700283622742
PWY-7398	0.0	0.0	1.1681854072439667e-07	0.0	0.0	0.0	0.0	0.0	0.0	0.0	0.0	0.0	0.0	0.0	0.0
PWY-7400	10802.356353366482	0.0	14940.059768496007	1326.9807309810476	251.22332780642995	854.9245503231858	432.4484351865739	2245.174328852799	2427.8623306644067	2168.8039672299847	6903.082802267519	1548.3616544212107	6052.539804718899	5231.844925506113	2875.7415012061997
PWY-7413	0.0	0.0	16.490076928829886	0.0	0.0	0.0	0.0	0.0	0.0	0.0	0.0	0.0	0.0	0.0	0.0
PWY-7415	0.0	0.0	0.013156246433374805	0.0	0.0	0.0	0.0	0.0	0.0	0.0	0.0	0.0	0.0	0.0	0.0
PWY-7431	573.9892022424156	0.0	4366.755048818347	0.0	131.42235658643528	196.0731987868376	25.3937474022451	676.9997159888966	436.5507090634155	0.004508004446990782	1507.839637271342	183.3681385818524	1197.6692608256894	1298.4941405393827	548.6543105785039
PWY-7446	187.7831972893666	0.0	0.0088987338513757	0.0	0.0	0.0	0.0	0.0	0.0	0.0	0.0	0.0	0.0	0.0	0.0059063070105139495
PWY-7456	3284.109336274661	0.0	7932.998587883683	0.0	0.0	45.84463758882553	117.02574919696669	384.8710589768233	831.0730952226126	0.0	3586.174758702256	932.9884804980674	4095.073122484764	2062.337911557466	1491.1667034811392
PWY-7527	0.0	0.0	236.7230507055963	0.0	0.0	0.0	0.0	0.0	0.0	173.81303521936735	0.0	0.0	128.85866581947397	0.0	22.84531134500592
PWY-7528	0.0	0.0	84.6027878863557	0.0	0.0	0.0	0.0	0.0	0.0	0.0	0.0	0.0	116.62032047077443	0.0	0.0
PWY-7539	7845.161064974064	0.0	14812.127300611752	1254.1169030390731	294.94158192838097	759.5220492623001	509.57255660725986	1743.2871104088188	1549.3808399687491	3713.7304630934013	6785.488034839877	1470.3414554084757	6658.373525932913	4584.339948468045	3035.3329788284377
PWY-7560	10824.100450188469	0.0	21874.816637899155	0.0	464.5572837368368	1015.7199645826189	475.96859434179174	2569.9956272910813	2931.227783139659	3371.2456444840905	9248.358368050998	2660.1943395619246	9170.31221461486	7368.631401195726	4369.088930333338
PWY-7616	519.606522989214	0.0	1278.5280192036525	0.0	0.0	0.0	0.0	0.0	0.0	0.0	0.0	0.0	0.0	0.0	7.231262183205242e-06
PWY-7644	3.303805999994862e-10	0.0	30.67722416951485	0.0	0.0	0.0	0.0	0.0	0.0	0.0	0.0	0.0	29.769340710166198	13.559229385018622	1.5332396885984284e-05
PWY-7663	16277.644156532539	0.0	22213.031394203204	2056.0465653561037	547.1651349275392	1014.1191348886932	739.2990361716307	2406.4562497950983	2542.034670382086	4071.756747018298	10218.421895937838	2001.8560698651943	10258.533407175704	7640.778053264309	4282.015179651864
PWY-7664	7771.980204608954	0.0	671.8880123012572	0.0	0.0	0.0	0.0	0.0	0.0	3859.8199672719084	1013.9879417585131	0.0	1089.7417818703725	2380.3304025266593	1030.5149728267454
PWY-841	10534.61588613755	0.0	18342.753278538894	210.70240252434186	370.1804332037703	787.5526241399857	629.140838627591	2160.465459192001	2513.2430363705757	3751.321937822495	8366.82950125726	1884.9643354230925	8051.95846887787	6224.046205512313	3505.9403159363314
PWY-922	4235.2129902722645	0.0	1909.747237267451	1456.6881637425968	0.0	2.1329506720016753	242.88807022330764	0.0	235.5446173672329	114.3209963403989	1081.067219272085	0.0	332.9744559378952	454.8161062674461	657.5448319759115
PWY0-1061	8361.600241251337	0.0	3208.2702510995564	152.4446106840952	120.15109103197445	0.0	567.2632360345087	165.09731849664627	0.0	3550.0339360966846	792.810822040736	0.0	501.98001092942945	1366.7282208295599	139.51662204475372
PWY0-1241	865.4759183170255	0.0	800.262278448325	0.0	0.0	20.669668147654853	0.0	53.95020923228054	59.75963117172419	0.0	261.6202825699947	19.06419110483163	212.97544818121494	371.6490962741909	80.19670950970514
PWY0-1261	9141.173140378607	0.0	20559.508176651205	0.0	0.0	891.2187011446969	170.0794336547682	1924.4418102356756	3103.673045885321	692.9389456873565	7473.59856111189	2016.9455961798649	8343.288733167397	5359.90363324078	4287.71040065475
PWY0-1277	2550.90576351671	0.0	426.6536272014296	0.0	0.0	0.0	0.0	0.0	0.0	1674.5094012076008	0.0	0.0	0.0	0.0	472.9548355973282
PWY0-1296	11430.122501620592	73.20402026448625	20401.727210655758	2061.262	267.55836307171217	1308.9831252536585	574.517363729687	2730.5365283544083	2326.841268897365	934.0508433022176	7050.384748320069	1878.256726599179	6419.016029156475	3839.918699487982	3676.741059101141
PWY0-1297	10955.06153816473	73.45514804931449	19701.782768540383	1813.6158330268659	506.0120706490385	1182.8340041002514	523.3606718447693	2617.4166061267756	2436.8037196333626	1620.9129203726905	7153.037691686264	2141.3952886947986	6881.293819906788	5388.712689277597	3695.370062579862
PWY0-1298	10178.86081445707	99.27259002325592	20691.535426218885	1696.483712122543	613.8355513265809	1044.153258601734	468.99095615856925	2408.5582186497704	2827.9397570662163	1570.4949881166106	8950.971838293022	2391.007664978277	7778.347271714587	5483.267366008574	4265.370705538304
PWY0-1319	16392.592301646233	221.94285714285712	26423.445447238137	1682.662857142857	669.7601660956412	1323.6279496334814	883.3043213041921	3325.324555595382	3425.086889278432	4355.208747538387	12324.112645411697	2536.990292410618	11085.94668113424	7661.711961449473	4954.58911320908
PWY0-1338	249.20930654757748	0.0	100.82580631619398	0.0	0.0	0.0	0.0	0.0	0.0	0.0	68.73362125881582	0.0	153.7408524172978	93.70522196495796	13.611183628246687
PWY0-1415	2414.858798673794	0.0	2096.5013440378684	0.0	0.0	0.2263124046245406	2.4746816628861414	157.37478436764883	589.4935414594617	1186.4798556986398	1424.6451511049465	731.7333186216723	2074.9519455459545	1878.2974085673623	923.739059330132
PWY0-1479	2336.3180592928893	0.0	756.4484744457712	0.0	0.0	0.0	0.0	0.0	0.0	0.0	1.6370872167840114	0.0	0.0	1.2215394194764502	811.2815292404699
PWY0-1533	567.0756867211131	0.0	983.3095344031133	0.0	0.0	36.70630741572651	0.0	98.88354296420944	67.10108488648882	13.609550440776637	257.8312080649766	60.98295762036111	375.9322919108854	399.92253299609183	520.7565705051369
PWY0-1586	13136.813896053509	298.07321729317727	16052.70366926663	2009.3156003894235	1076.3589738191438	741.4251083034657	845.873775712671	1780.7469652730247	1709.4281360184661	4631.577587677834	9987.870526911365	1961.3322382955912	8505.398327175339	5881.628391405402	2836.9786126545678
PWY0-162	10126.673140013334	0.0	18649.909121387565	214.33092173767253	462.941704128491	756.2438070328902	634.6677922251209	2141.1309053419996	2478.218050148057	3932.052736454165	8613.846658454195	1931.0436778834935	8474.146155263013	6666.0169200842265	3652.43893418149
PWY0-166	8924.866790276095	0.0	17478.884127852714	236.34773419168096	420.96662991500006	734.0572225516884	574.5147311689564	2156.2638322583016	2387.965267121647	3320.329579054383	7935.803277376923	2004.345068395932	7538.132633465937	6113.608399628205	3515.1677647527526
PWY0-321	1170.8487983844636	0.0	24.947233705415268	0.0	0.0	0.0	0.0	0.0	0.0	2029.860591372793	0.0	0.0	0.0	0.0	96.16224837031488
PWY0-41	2400.024163756587	54.126017880619614	876.7939616699271	1631.2432321897606	0.0	0.4308111813228042	0.0	0.0	0.0	89.48596414187476	58.84406748652442	122.3644272273056	170.39976251334016	222.95643456687043	38.857219065542736
PWY0-42	694.9584978576269	0.0	86.92818034625246	0.0	0.0	0.0	0.0	0.0	0.0	73.41518123637763	0.0	0.0	0.0	0.23086970281921873	387.61647353185947
PWY0-781	9953.575155358796	0.0	14510.011711368625	0.0	212.2534287371368	554.5414202585433	192.75779167802895	1392.5170578070647	1960.4990455140178	2046.7610666677742	5832.025219731975	1103.958814223305	5199.0671628210575	4461.610806941315	3088.8823233328544
PWY0-845	4178.023821145149	0.0	2984.2936521272077	0.0	0.0	0.0	241.59769452554244	0.0	270.51554188006844	1447.2396051636204	1428.2733562896226	807.5616544321866	2799.7439315236697	2435.0720929031218	1274.3212517879438
PWY0-862	7072.904682844885	0.0	577.7944423526964	152.09963998845112	0.0	0.0	559.2266137405941	0.0	0.0	3664.292942336512	879.0595410949039	0.0	945.0772341109715	2111.183370033081	906.0242603625128
PWY1G-0	403.5563405105083	0.0	1078.719482825507	0.0	0.0	0.0	0.0	0.0	182.1448181148069	0.0	0.0	0.0	0.0	0.0	0.0
PWY490-3	2881.0230473428905	0.0	13802.563026345751	0.0	0.0	1035.7847408959105	30.593394854107085	2227.5798643330404	1673.8298295637796	0.0	3863.945473352211	619.0267371086828	3503.821401326805	781.4423583476635	2112.574756895999
PWY4FS-7	15027.175848316205	211.85454545454544	24216.232979139128	1606.1781818181817	621.312575794615	1122.6489537462955	795.1145350769664	2846.6795231763103	2959.9564499172357	4583.146806533131	11169.071649390438	2216.2228377910396	9992.667090709294	7007.828348056003	4488.078385969955
PWY4FS-8	15027.175848316208	211.85454545454544	24216.232979139128	1606.1781818181817	621.312575794615	1122.6489537462953	795.1145350769664	2846.6795231763103	2959.9564499172357	4583.146806533131	11169.071649390438	2216.2228377910396	9992.667090709294	7007.828348056003	4488.078385969955
PWY5F9-12	2.1355743103306124e-05	0.0	0.0	0.0	0.0	0.0	0.0	0.0	0.0	0.0	0.0	0.0	0.0	0.0	0.0
PWYG-321	7931.506419813679	0.0	697.2496662388545	0.0	0.0	0.0	0.0	0.0	0.0	4066.163208331285	1047.8875714292694	0.0	1127.8740449677196	2454.0443350616997	1060.1008346681922
PYRIDNUCSAL-PWY	10251.490108290314	0.0	16407.999201911676	0.0	364.45574526972695	807.5980537828996	397.2387500813783	2092.601897726129	2067.729741026617	2535.323229769172	7041.342200870871	1345.029796125083	6749.007846140093	4007.544749482077	2686.0359930178556
PYRIDNUCSYN-PWY	8428.140846422146	0.0	14018.556436284645	1328.712870318363	334.0771653272272	709.2554786663721	544.0397004101642	1802.0112257008159	1754.9273933610748	2287.643790917082	6947.289033132435	1620.4285970553	6647.897290712359	5649.802148563028	2720.8998436776333
PYRIDOXSYN-PWY	2772.6326209515005	0.0	1835.3934466885526	0.0	0.0	0.0	165.90571310046596	0.0	176.88329300371586	2480.9717665883513	1033.8137842407996	600.5230296788066	2242.4115436434113	1965.8281981200469	922.0469872026566
REDCITCYC	9886.543095893752	0.0	5776.307240203658	0.0	0.0	75.07961951573752	0.0	460.5925779752177	410.19025969880386	3243.92127805585	3145.7373353399726	484.14325098576955	3734.709874714162	3184.3100736787796	2071.8776488334424
RHAMCAT-PWY	5209.374382336599	46.92852370510785	5837.57493753268	1372.327889187513	0.0	461.9070346500583	364.6991598784883	945.5377092320107	926.7817743977325	110.41664902888425	2160.077769300565	799.8342502395908	2667.1138536807143	1611.146378243175	1020.0527041459454
RIBOSYN2-PWY	11022.686971150404	159.95997864880945	16107.38968016084	1333.1510948649059	364.1804511789093	773.564891725153	647.3728188273626	1858.8853809149	1858.946116629066	3748.2390053565437	7675.380282703071	1937.8035184934713	7056.796658120829	5150.883653228039	3177.66961428819
RUMP-PWY	1445.7542607075395	0.0	3121.314647051671	0.0	0.0	65.07049001337775	0.0	259.6569485974589	561.5806429553978	60.086133003324335	1766.5934470871803	515.3475150879221	1753.3003802604017	1509.3019660777186	412.3031364914614
SALVADEHYPOX-PWY	6928.669943422568	0.0	17219.2187812523	0.0	478.22345106321154	419.3384400564363	44.26307839673238	1221.2925099106606	1925.732567927382	0.0	8737.943900034441	880.1077923530517	7702.857916804938	4332.15140236606	2986.555241073454
SER-GLYSYN-PWY	12800.985250466541	121.998091760967	14280.978086952855	1354.4910321145956	645.0400894948147	602.213486723978	823.9382872281943	1589.065695220829	1791.6075925511368	4128.484589600363	7659.041685709207	1628.6702463918896	8233.482145054739	6803.288667597207	2444.7612874135234
SO4ASSIM-PWY	3812.4667743073283	0.0	3596.2250857409103	0.0	0.0	47.948366283857254	3.6327671241508153	123.7843852617738	401.9872595605926	3415.525335121749	1375.7678898029942	1046.398689285575	3402.4573252162363	2574.273231481149	1503.886908948867
SUCSYN-PWY	0.0	0.0	159.30008215618776	0.0	0.0	0.0	0.0	0.0	0.0	0.0	0.0	0.0	368.9285896848592	472.0866388607213	113.84046048125442
SULFATE-CYS-PWY	6354.824855285929	0.0	6233.908239752823	0.0	0.0	80.89018646603012	8.107869301405923	244.91656272389352	699.8573897533755	3888.9185576625946	2522.16044520522	1335.255834527441	4966.923961546295	3866.9732312463407	2023.5327834557268
TCA	8264.291736038625	0.0	6063.73231899472	0.0	0.0	0.8904963660489165	0.0	266.85788735147526	966.9587522362522	4199.644839380598	3024.708039434938	1027.6080595890032	4315.989880172027	4006.8658642818314	1915.876780380046
TCA-GLYOX-BYPASS	3648.3913631437285	0.0	1626.9247670760972	0.0	0.0	0.2710692708062789	0.0	0.0	0.0	3514.8378802102084	72.93945661165817	0.0	0.0	0.3073730240691394	657.8980622167225
TEICHOICACID-PWY	1668.0520858304164	0.0	5560.940221166385	0.0	0.0	55.47817274465865	129.9741873245801	0.0	701.0263041111433	22.471606002229088	1176.4227256858385	403.31456990813774	1383.508666037812	783.1040133623267	880.3951117748528
THISYN-PWY	5344.533912075351	0.0	10986.605684093303	0.0	191.26221817537785	444.73841038899707	220.78869860392655	1481.1107378275262	1703.4590823222322	2263.5891090663904	4900.803187807693	1539.8823117809873	5328.408507172617	5193.080051570497	2533.3602230150636
THREOCAT-PWY	987.1827533002946	0.0	0.782222947658196	0.0	0.0	0.0	0.0	0.0	0.0	0.0	0.0	0.0	0.0	0.0	0.7101035810850392
THRESYN-PWY	12873.245521967025	0.0	25223.946209538277	1391.6173912590225	681.1053107639385	1125.4229520920046	496.76785418090066	2970.304695731884	3221.3502526089997	3522.8042402094106	11975.715680380763	2609.636795771237	10579.013531573524	7971.810704821793	4434.412171622639
TRNA-CHARGING-PWY	14291.755344523313	0.0	23954.36109947703	0.0	638.9368813986329	1054.112586050728	620.1929265161136	2790.5393299184625	3258.05634124851	3823.845763501857	10819.134954707584	2932.3924097705285	10262.050076537542	8390.716256238506	4931.76474459581
TRPSYN-PWY	8452.663065265697	0.0	12667.595877088852	1335.8375714606636	190.16260206378092	715.2103084719421	438.61802556873994	1867.688039332376	2216.774741966235	3261.998324204523	6120.661972551431	1401.7174604633165	5444.090114961611	4451.94049529249	2527.0021459128156
TYRFUMCAT-PWY	1014.4866225845996	0.0	1067.138625245735	0.0	0.0	0.0	0.0	0.0	0.0	1774.6677895981873	142.5391421298796	0.0	255.6668545182973	175.33223692342057	391.0063898665058
UBISYN-PWY	2727.1398797628453	0.0	1772.289344909691	0.0	0.0	0.02803291794581363	0.0	0.0	105.060255667018	2830.423238289676	1192.7128599677842	98.8221040715567	974.6679020205613	303.77793930179115	817.0341963578046
UDPNAGSYN-PWY	12291.974089755111	194.2	21552.79041428332	1617.6636617112974	541.1243506931258	1101.5169074714852	620.7005732409018	2713.7702321415136	3066.806489356757	3444.50207427571	9468.39678255113	2080.005163438198	7714.169631728294	5935.530961158654	4088.104209510969
VALDEG-PWY	28.275602340159665	0.0	59.54568054496754	0.0	0.0	1.976867999999618e-10	0.0	0.0	0.0	0.0	15.012738618846681	0.0	9.948938445489334	5.147760647819004	35.81389539388715
VALSYN-PWY	15823.41636912502	66.5701645978643	21521.159919014946	1750.972711375905	442.7327251981652	1164.4449803507273	533.8389129283405	2868.5563258633665	3028.7990282373903	3839.09225826908	9517.345883447506	2029.1355199316033	9132.988068937488	7454.362003315184	4331.922980126343
